code équipement;regroupement_1;regroupement_2;regroupement_3;libellé équipement;gamme;domaine_code;domaine_libellé;;;;;;;;;;;;;;;;;;;;;;;;;;;;;;;;;;;;;;;;;;;;;;;;;;;;;;;;
A301;A301;;;Réparation automobile et de matériel agricole;proximité;A;Services aux particuliers;;;;;;;;;;;;;;;;;;;;;;;;;;;;;;;;;;;;;;;;;;;;;;;;;;;;;;;;
A401;A401;;;Maçon;proximité;A;Services aux particuliers;;;;;;;;;;;;;;;;;;;;;;;;;;;;;;;;;;;;;;;;;;;;;;;;;;;;;;;;
A402;A402;;;Plâtrier, peintre;proximité;A;Services aux particuliers;;;;;;;;;;;;;;;;;;;;;;;;;;;;;;;;;;;;;;;;;;;;;;;;;;;;;;;;
A403;A403;;;Menuisier, charpentier, serrurier;proximité;A;Services aux particuliers;;;;;;;;;;;;;;;;;;;;;;;;;;;;;;;;;;;;;;;;;;;;;;;;;;;;;;;;
A404;A404;;;Plombier, couvreur, chauffagiste;proximité;A;Services aux particuliers;;;;;;;;;;;;;;;;;;;;;;;;;;;;;;;;;;;;;;;;;;;;;;;;;;;;;;;;
A405;A405;;;Électricien;proximité;A;Services aux particuliers;;;;;;;;;;;;;;;;;;;;;;;;;;;;;;;;;;;;;;;;;;;;;;;;;;;;;;;;
A406;A406;;;Entreprise générale du bâtiment;proximité;A;Services aux particuliers;;;;;;;;;;;;;;;;;;;;;;;;;;;;;;;;;;;;;;;;;;;;;;;;;;;;;;;;
A501;A501;;;Coiffure;proximité;A;Services aux particuliers;;;;;;;;;;;;;;;;;;;;;;;;;;;;;;;;;;;;;;;;;;;;;;;;;;;;;;;;
A504;A504;;;Restaurant, restaurant rapide;proximité;A;Services aux particuliers;;;;;;;;;;;;;;;;;;;;;;;;;;;;;;;;;;;;;;;;;;;;;;;;;;;;;;;;
A505;A505;;;Agence immobilière;proximité;A;Services aux particuliers;;;;;;;;;;;;;;;;;;;;;;;;;;;;;;;;;;;;;;;;;;;;;;;;;;;;;;;;
A507;A507;;;Institut de beauté, onglerie;proximité;A;Services aux particuliers;;;;;;;;;;;;;;;;;;;;;;;;;;;;;;;;;;;;;;;;;;;;;;;;;;;;;;;;
AR03;A206;A207;A208;Bureau de poste, relais poste, agence postale;proximité;A;Services aux particuliers;;;;;;;;;;;;;;;;;;;;;;;;;;;;;;;;;;;;;;;;;;;;;;;;;;;;;;;;
B203;B203;;;Boulangerie;proximité;B;Commerces;;;;;;;;;;;;;;;;;;;;;;;;;;;;;;;;;;;;;;;;;;;;;;;;;;;;;;;;
B204;B204;;;Boucherie, charcuterie;proximité;B;Commerces;;;;;;;;;;;;;;;;;;;;;;;;;;;;;;;;;;;;;;;;;;;;;;;;;;;;;;;;
B312;B312;;;Fleuriste, jardinerie, animalerie;proximité;B;Commerces;;;;;;;;;;;;;;;;;;;;;;;;;;;;;;;;;;;;;;;;;;;;;;;;;;;;;;;;
BR01;B201;B202;;Épicerie, supérette;proximité;B;Commerces;;;;;;;;;;;;;;;;;;;;;;;;;;;;;;;;;;;;;;;;;;;;;;;;;;;;;;;;
CR02;C104;C105;;École élémentaire;proximité;C;Enseignement;;;;;;;;;;;;;;;;;;;;;;;;;;;;;;;;;;;;;;;;;;;;;;;;;;;;;;;;
D201;D201;;;Médecin généraliste;proximité;D;Santé;;;;;;;;;;;;;;;;;;;;;;;;;;;;;;;;;;;;;;;;;;;;;;;;;;;;;;;;
D221;D221;;;Chirurgien dentiste;proximité;D;Santé;;;;;;;;;;;;;;;;;;;;;;;;;;;;;;;;;;;;;;;;;;;;;;;;;;;;;;;;
D232;D232;;;Infirmier;proximité;D;Santé;;;;;;;;;;;;;;;;;;;;;;;;;;;;;;;;;;;;;;;;;;;;;;;;;;;;;;;;
D233;D233;;;Masseur kinésithérapeute;proximité;D;Santé;;;;;;;;;;;;;;;;;;;;;;;;;;;;;;;;;;;;;;;;;;;;;;;;;;;;;;;;
D307;D307;;;Pharmacie;proximité;D;Santé;;;;;;;;;;;;;;;;;;;;;;;;;;;;;;;;;;;;;;;;;;;;;;;;;;;;;;;;
E101;E101;;;Taxi, VTC;proximité;E;Transports et déplacements;;;;;;;;;;;;;;;;;;;;;;;;;;;;;;;;;;;;;;;;;;;;;;;;;;;;;;;;
F102;F102;;;Boulodrome;proximité;F;Sports, loisirs et culture;;;;;;;;;;;;;;;;;;;;;;;;;;;;;;;;;;;;;;;;;;;;;;;;;;;;;;;;
F103;F103;;;Tennis;proximité;F;Sports, loisirs et culture;;;;;;;;;;;;;;;;;;;;;;;;;;;;;;;;;;;;;;;;;;;;;;;;;;;;;;;;
F113;F113;;;Terrain de grands jeux;proximité;F;Sports, loisirs et culture;;;;;;;;;;;;;;;;;;;;;;;;;;;;;;;;;;;;;;;;;;;;;;;;;;;;;;;;
;F307;;;Bibliothèque;proximité;F;Sports, loisirs et culture;;;;;;;;;;;;;;;;;;;;;;;;;;;;;;;;;;;;;;;;;;;;;;;;;;;;;;;;
FR01;F111;F116;F121;Salle ou terrain multisports;proximité;F;Sports, loisirs et culture;;;;;;;;;;;;;;;;;;;;;;;;;;;;;;;;;;;;;;;;;;;;;;;;;;;;;;;;
A203;A203;;;Banque, Caisse d’Épargne;intermédiaire;A;Services aux particuliers;;;;;;;;;;;;;;;;;;;;;;;;;;;;;;;;;;;;;;;;;;;;;;;;;;;;;;;;
A205;A205;;;Services funéraires;intermédiaire;A;Services aux particuliers;;;;;;;;;;;;;;;;;;;;;;;;;;;;;;;;;;;;;;;;;;;;;;;;;;;;;;;;
A302;A302;;;Contrôle technique automobile;intermédiaire;A;Services aux particuliers;;;;;;;;;;;;;;;;;;;;;;;;;;;;;;;;;;;;;;;;;;;;;;;;;;;;;;;;
A304;A304;;;École de conduite;intermédiaire;A;Services aux particuliers;;;;;;;;;;;;;;;;;;;;;;;;;;;;;;;;;;;;;;;;;;;;;;;;;;;;;;;;
A502;A502;;;Vétérinaire;intermédiaire;A;Services aux particuliers;;;;;;;;;;;;;;;;;;;;;;;;;;;;;;;;;;;;;;;;;;;;;;;;;;;;;;;;
A506;A506;;;Pressing, laverie automatique;intermédiaire;A;Services aux particuliers;;;;;;;;;;;;;;;;;;;;;;;;;;;;;;;;;;;;;;;;;;;;;;;;;;;;;;;;
AR01;A101;A104;;Police, gendarmerie;intermédiaire;A;Services aux particuliers;;;;;;;;;;;;;;;;;;;;;;;;;;;;;;;;;;;;;;;;;;;;;;;;;;;;;;;;
AR02;A120;A121; ;Centre de finances publiques;intermédiaire;A;Services aux particuliers;;;;;;;;;;;;;;;;;;;;;;;;;;;;;;;;;;;;;;;;;;;;;;;;;;;;;;;;
B102;B102;;;Supermarché;intermédiaire;B;Commerces;;;;;;;;;;;;;;;;;;;;;;;;;;;;;;;;;;;;;;;;;;;;;;;;;;;;;;;;
BR03;B301;F311;;Librairie, papeterie, journaux;intermédiaire;B;Commerces;;;;;;;;;;;;;;;;;;;;;;;;;;;;;;;;;;;;;;;;;;;;;;;;;;;;;;;;
B302;B302;;;Magasin de vêtements;intermédiaire;B;Commerces;;;;;;;;;;;;;;;;;;;;;;;;;;;;;;;;;;;;;;;;;;;;;;;;;;;;;;;;
B303;B303;;;Magasin d'équipements du foyer;intermédiaire;B;Commerces;;;;;;;;;;;;;;;;;;;;;;;;;;;;;;;;;;;;;;;;;;;;;;;;;;;;;;;;
B304;B304;;;Magasin de chaussures;intermédiaire;B;Commerces;;;;;;;;;;;;;;;;;;;;;;;;;;;;;;;;;;;;;;;;;;;;;;;;;;;;;;;;
B305;B305;;;Magasin d'électroménager et de matériel audio-vidéo;intermédiaire;B;Commerces;;;;;;;;;;;;;;;;;;;;;;;;;;;;;;;;;;;;;;;;;;;;;;;;;;;;;;;;
B306;B306;;;Magasin de meubles;intermédiaire;B;Commerces;;;;;;;;;;;;;;;;;;;;;;;;;;;;;;;;;;;;;;;;;;;;;;;;;;;;;;;;
B307;B307;;;Magasin d'articles de sports et de loisirs;intermédiaire;B;Commerces;;;;;;;;;;;;;;;;;;;;;;;;;;;;;;;;;;;;;;;;;;;;;;;;;;;;;;;;
B311;B311;;;Horlogerie, bijouterie;intermédiaire;B;Commerces;;;;;;;;;;;;;;;;;;;;;;;;;;;;;;;;;;;;;;;;;;;;;;;;;;;;;;;;
B313;B313;;;Magasin d'optique;intermédiaire;B;Commerces;;;;;;;;;;;;;;;;;;;;;;;;;;;;;;;;;;;;;;;;;;;;;;;;;;;;;;;;
B315;B315;;;Magasin de matériel médical et orthopédique;intermédiaire;B;Commerces;;;;;;;;;;;;;;;;;;;;;;;;;;;;;;;;;;;;;;;;;;;;;;;;;;;;;;;;
B316;B316;;;Station service;intermédiaire;B;Commerces;;;;;;;;;;;;;;;;;;;;;;;;;;;;;;;;;;;;;;;;;;;;;;;;;;;;;;;;
BR02;B103;B309;;Droguerie, quincaillerie, bricolage;intermédiaire;B;Commerces;;;;;;;;;;;;;;;;;;;;;;;;;;;;;;;;;;;;;;;;;;;;;;;;;;;;;;;;
C201;C201;;;Collège;intermédiaire;C;Enseignement;;;;;;;;;;;;;;;;;;;;;;;;;;;;;;;;;;;;;;;;;;;;;;;;;;;;;;;;
D231;D231;;;Sage-femme;intermédiaire;D;Santé;;;;;;;;;;;;;;;;;;;;;;;;;;;;;;;;;;;;;;;;;;;;;;;;;;;;;;;;
D235;D235;;;Orthophoniste;intermédiaire;D;Santé;;;;;;;;;;;;;;;;;;;;;;;;;;;;;;;;;;;;;;;;;;;;;;;;;;;;;;;;
D237;D237;;;Pédicure, podologue;intermédiaire;D;Santé;;;;;;;;;;;;;;;;;;;;;;;;;;;;;;;;;;;;;;;;;;;;;;;;;;;;;;;;
D243;D243;;;Psychologue;intermédiaire;D;Santé;;;;;;;;;;;;;;;;;;;;;;;;;;;;;;;;;;;;;;;;;;;;;;;;;;;;;;;;
D302;D302;;;Laboratoire d'analyses et de biologie médicale;intermédiaire;D;Santé;;;;;;;;;;;;;;;;;;;;;;;;;;;;;;;;;;;;;;;;;;;;;;;;;;;;;;;;
D303;D303;;;Ambulance;intermédiaire;D;Santé;;;;;;;;;;;;;;;;;;;;;;;;;;;;;;;;;;;;;;;;;;;;;;;;;;;;;;;;
D401;D401;;;Personnes âgées : hébergement;intermédiaire;D;Santé;;;;;;;;;;;;;;;;;;;;;;;;;;;;;;;;;;;;;;;;;;;;;;;;;;;;;;;;
D403;D403;;;Personnes âgées : services d'aide;intermédiaire;D;Santé;;;;;;;;;;;;;;;;;;;;;;;;;;;;;;;;;;;;;;;;;;;;;;;;;;;;;;;;
D502;D502;;;Établissement d’accueil du jeune enfant;intermédiaire;D;Santé;;;;;;;;;;;;;;;;;;;;;;;;;;;;;;;;;;;;;;;;;;;;;;;;;;;;;;;;
F101;F101;;;Bassin de natation;intermédiaire;F;Sports, loisirs et culture;;;;;;;;;;;;;;;;;;;;;;;;;;;;;;;;;;;;;;;;;;;;;;;;;;;;;;;;
F107;F107;;;Athlétisme;intermédiaire;F;Sports, loisirs et culture;;;;;;;;;;;;;;;;;;;;;;;;;;;;;;;;;;;;;;;;;;;;;;;;;;;;;;;;
F117;F117;;;Roller, skate, vélo bicross ou freestyle;intermédiaire;F;Sports, loisirs et culture;;;;;;;;;;;;;;;;;;;;;;;;;;;;;;;;;;;;;;;;;;;;;;;;;;;;;;;;
FR02;F112;F114;F120;Salle de sport spécialisée;intermédiaire;F;Sports, loisirs et culture;;;;;;;;;;;;;;;;;;;;;;;;;;;;;;;;;;;;;;;;;;;;;;;;;;;;;;;;
A122;A122;;;Pôle emploi : réseau de proximité;supérieure;A;Services aux particuliers;;;;;;;;;;;;;;;;;;;;;;;;;;;;;;;;;;;;;;;;;;;;;;;;;;;;;;;;
A303;A303;;;Location d'automobiles et d'utilitaires légers;supérieure;A;Services aux particuliers;;;;;;;;;;;;;;;;;;;;;;;;;;;;;;;;;;;;;;;;;;;;;;;;;;;;;;;;
A503;A503;;;Agence de travail temporaire;supérieure;A;Services aux particuliers;;;;;;;;;;;;;;;;;;;;;;;;;;;;;;;;;;;;;;;;;;;;;;;;;;;;;;;;
B101;B101;;;Hypermarché;supérieure;B;Commerces;;;;;;;;;;;;;;;;;;;;;;;;;;;;;;;;;;;;;;;;;;;;;;;;;;;;;;;;
B205;B205;;;Produits surgelés;supérieure;B;Commerces;;;;;;;;;;;;;;;;;;;;;;;;;;;;;;;;;;;;;;;;;;;;;;;;;;;;;;;;
B206;B206;;;Poissonnerie;supérieure;B;Commerces;;;;;;;;;;;;;;;;;;;;;;;;;;;;;;;;;;;;;;;;;;;;;;;;;;;;;;;;
B308;B308;;;Magasin de revêtements murs et sols;supérieure;B;Commerces;;;;;;;;;;;;;;;;;;;;;;;;;;;;;;;;;;;;;;;;;;;;;;;;;;;;;;;;
B310;B310;;;Parfumerie, cosmétique;supérieure;B;Commerces;;;;;;;;;;;;;;;;;;;;;;;;;;;;;;;;;;;;;;;;;;;;;;;;;;;;;;;;
C402;C402;;;Formation santé;supérieure;C;Enseignement;;;;;;;;;;;;;;;;;;;;;;;;;;;;;;;;;;;;;;;;;;;;;;;;;;;;;;;;
C601;C601;;;Centre de formation d'apprentis (hors agriculture);supérieure;C;Enseignement;;;;;;;;;;;;;;;;;;;;;;;;;;;;;;;;;;;;;;;;;;;;;;;;;;;;;;;;
CR03;C301;C304;;Lycée d'enseignement général et/ou technologique;supérieure;C;Enseignement;;;;;;;;;;;;;;;;;;;;;;;;;;;;;;;;;;;;;;;;;;;;;;;;;;;;;;;;
CR04;C302;C305;;Lycée d'enseignement professionnel;supérieure;C;Enseignement;;;;;;;;;;;;;;;;;;;;;;;;;;;;;;;;;;;;;;;;;;;;;;;;;;;;;;;;
D101;D101;;;Établissement de santé de court séjour;supérieure;D;Santé;;;;;;;;;;;;;;;;;;;;;;;;;;;;;;;;;;;;;;;;;;;;;;;;;;;;;;;;
D102;D102;;;Établissement de santé de moyen séjour;supérieure;D;Santé;;;;;;;;;;;;;;;;;;;;;;;;;;;;;;;;;;;;;;;;;;;;;;;;;;;;;;;;
D103;D103;;;Établissement de santé de long séjour;supérieure;D;Santé;;;;;;;;;;;;;;;;;;;;;;;;;;;;;;;;;;;;;;;;;;;;;;;;;;;;;;;;
D104;D104;;;Établissement psychiatrique;supérieure;D;Santé;;;;;;;;;;;;;;;;;;;;;;;;;;;;;;;;;;;;;;;;;;;;;;;;;;;;;;;;
D106;D106;;;Urgences;supérieure;D;Santé;;;;;;;;;;;;;;;;;;;;;;;;;;;;;;;;;;;;;;;;;;;;;;;;;;;;;;;;
D108;D108;;;Centre de santé;supérieure;D;Santé;;;;;;;;;;;;;;;;;;;;;;;;;;;;;;;;;;;;;;;;;;;;;;;;;;;;;;;;
D109;D109;;;Structures psychiatriques en ambulatoire;supérieure;D;Santé;;;;;;;;;;;;;;;;;;;;;;;;;;;;;;;;;;;;;;;;;;;;;;;;;;;;;;;;
D111;D111;;;Dialyse;supérieure;D;Santé;;;;;;;;;;;;;;;;;;;;;;;;;;;;;;;;;;;;;;;;;;;;;;;;;;;;;;;;
D202;D202;;;Spécialiste en cardiologie;supérieure;D;Santé;;;;;;;;;;;;;;;;;;;;;;;;;;;;;;;;;;;;;;;;;;;;;;;;;;;;;;;;
D203;D203;;;Spécialiste en dermatologie et vénéréologie;supérieure;D;Santé;;;;;;;;;;;;;;;;;;;;;;;;;;;;;;;;;;;;;;;;;;;;;;;;;;;;;;;;
D206;D206;;;Spécialiste en gastro-entérologie, hépatologie;supérieure;D;Santé;;;;;;;;;;;;;;;;;;;;;;;;;;;;;;;;;;;;;;;;;;;;;;;;;;;;;;;;
D207;D207;;;Spécialiste en psychiatrie;supérieure;D;Santé;;;;;;;;;;;;;;;;;;;;;;;;;;;;;;;;;;;;;;;;;;;;;;;;;;;;;;;;
D208;D208;;;Spécialiste en ophtalmologie;supérieure;D;Santé;;;;;;;;;;;;;;;;;;;;;;;;;;;;;;;;;;;;;;;;;;;;;;;;;;;;;;;;
D209;D209;;;Spécialiste en oto-rhino-laryngologie;supérieure;D;Santé;;;;;;;;;;;;;;;;;;;;;;;;;;;;;;;;;;;;;;;;;;;;;;;;;;;;;;;;
D210;D210;;;Spécialiste en pédiatrie;supérieure;D;Santé;;;;;;;;;;;;;;;;;;;;;;;;;;;;;;;;;;;;;;;;;;;;;;;;;;;;;;;;
D211;D211;;;Spécialiste en pneumologie;supérieure;D;Santé;;;;;;;;;;;;;;;;;;;;;;;;;;;;;;;;;;;;;;;;;;;;;;;;;;;;;;;;
D212;D212;;;Spécialiste en  radiodiagnostic et imagerie médicale;supérieure;D;Santé;;;;;;;;;;;;;;;;;;;;;;;;;;;;;;;;;;;;;;;;;;;;;;;;;;;;;;;;
D214;D214;;;Spécialiste en gynécologie ;supérieure;D;Santé;;;;;;;;;;;;;;;;;;;;;;;;;;;;;;;;;;;;;;;;;;;;;;;;;;;;;;;;
D236;D236;;;Orthoptiste;supérieure;D;Santé;;;;;;;;;;;;;;;;;;;;;;;;;;;;;;;;;;;;;;;;;;;;;;;;;;;;;;;;
D238;D238;;;Audio prothésiste;supérieure;D;Santé;;;;;;;;;;;;;;;;;;;;;;;;;;;;;;;;;;;;;;;;;;;;;;;;;;;;;;;;
D240;D240;;;Psychomotricien;supérieure;D;Santé;;;;;;;;;;;;;;;;;;;;;;;;;;;;;;;;;;;;;;;;;;;;;;;;;;;;;;;;
D242;D242;;;Diététicien;supérieure;D;Santé;;;;;;;;;;;;;;;;;;;;;;;;;;;;;;;;;;;;;;;;;;;;;;;;;;;;;;;;
D402;D402;;;Personnes âgées : soins à domicile;supérieure;D;Santé;;;;;;;;;;;;;;;;;;;;;;;;;;;;;;;;;;;;;;;;;;;;;;;;;;;;;;;;
D601;D601;;;Enfants handicapés : hébergement;supérieure;D;Santé;;;;;;;;;;;;;;;;;;;;;;;;;;;;;;;;;;;;;;;;;;;;;;;;;;;;;;;;
D602;D602;;;Enfants handicapés : services à domicile ou ambulatoires;supérieure;D;Santé;;;;;;;;;;;;;;;;;;;;;;;;;;;;;;;;;;;;;;;;;;;;;;;;;;;;;;;;
D603;D603;;;Adultes handicapés : accueil, hébergement;supérieure;D;Santé;;;;;;;;;;;;;;;;;;;;;;;;;;;;;;;;;;;;;;;;;;;;;;;;;;;;;;;;
D604;D604;;;Adultes handicapés : services d'aide;supérieure;D;Santé;;;;;;;;;;;;;;;;;;;;;;;;;;;;;;;;;;;;;;;;;;;;;;;;;;;;;;;;
D605;D605;;;Travail protégé;supérieure;D;Santé;;;;;;;;;;;;;;;;;;;;;;;;;;;;;;;;;;;;;;;;;;;;;;;;;;;;;;;;
D606;D606;;;Adultes handicapés : services de soins à domicile;supérieure;D;Santé;;;;;;;;;;;;;;;;;;;;;;;;;;;;;;;;;;;;;;;;;;;;;;;;;;;;;;;;
D701;D701;;;Protection de l’enfance hébergement;supérieure;D;Santé;;;;;;;;;;;;;;;;;;;;;;;;;;;;;;;;;;;;;;;;;;;;;;;;;;;;;;;;
ER01;E107;E108;E109;Gare;supérieure;E;Transports et déplacements;;;;;;;;;;;;;;;;;;;;;;;;;;;;;;;;;;;;;;;;;;;;;;;;;;;;;;;;
F109;F109;;;Parcours sportif/santé;supérieure;F;Sports, loisirs et culture;;;;;;;;;;;;;;;;;;;;;;;;;;;;;;;;;;;;;;;;;;;;;;;;;;;;;;;;
F303;F303;;;Cinéma;supérieure;F;Sports, loisirs et culture;;;;;;;;;;;;;;;;;;;;;;;;;;;;;;;;;;;;;;;;;;;;;;;;;;;;;;;;
F312;F312;;;Exposition et médiation culturelle;supérieure;F;Sports, loisirs et culture;;;;;;;;;;;;;;;;;;;;;;;;;;;;;;;;;;;;;;;;;;;;;;;;;;;;;;;;
F315;F315;;;Arts du spectacle;supérieure;F;Sports, loisirs et culture;;;;;;;;;;;;;;;;;;;;;;;;;;;;;;;;;;;;;;;;;;;;;;;;;;;;;;;;
