REG;Région;DEP;CODARR;CODCAN;CODCOM;COM;Commune;PMUN;PCAP;PTOT;D1_Etablissements_de_sante_humaine;D2_Equipements_medico_paramedicaux;D3_Structures_de_sante_publique;D4_Actions_sociales;D5_Hebergements_sociaux;D6_Equipements_educatifs_sportifs;D7_Autres_equipements;DENS;nb_equipements_total;D1_Etablissements_de_sante_humaine_1000;D2_Equipements_medico_paramedicaux_1000;D3_Structures_de_sante_publique_1000;D4_Actions_sociales_1000;D5_Hebergements_sociaux_1000;D6_Equipements_educatifs_sportifs_1000;D7_Autres_equipements_1000
84;Auvergne-Rhône-Alpes;1;1;1;4;1004;Ambérieu-en-Bugey;14854;386;15240;0.0;0.0;0.0;0.0;0.0;0.0;0.0;0;0;0.0;0.0;0.0;0.0;0.0;0.0;0.0
84;Auvergne-Rhône-Alpes;1;4;3;33;1033;Valserhône;16295;316;16611;0.0;0.0;0.0;0.0;0.0;0.0;0.0;0;0;0.0;0.0;0.0;0.0;0.0;0.0;0.0
84;Auvergne-Rhône-Alpes;1;3;9;143;1143;Divonne-les-Bains;10137;216;10353;0.0;0.0;0.0;0.0;0.0;0.0;0.0;0;0;0.0;0.0;0.0;0.0;0.0;0.0;0.0
84;Auvergne-Rhône-Alpes;1;3;19;160;1160;Ferney-Voltaire;10920;173;11093;0.0;0.0;0.0;0.0;0.0;0.0;0.0;0;0;0.0;0.0;0.0;0.0;0.0;0.0;0.0
84;Auvergne-Rhône-Alpes;1;3;9;173;1173;Gex;13078;313;13391;0.0;0.0;0.0;0.0;0.0;0.0;0.0;0;0;0.0;0.0;0.0;0.0;0.0;0.0;0.0
84;Auvergne-Rhône-Alpes;1;2;13;249;1249;Miribel;10225;150;10375;0.0;0.0;0.0;0.0;0.0;0.0;0.0;0;0;0.0;0.0;0.0;0.0;0.0;0.0;0.0
84;Auvergne-Rhône-Alpes;1;3;19;354;1354;Saint-Genis-Pouilly;14558;206;14764;0.0;0.0;0.0;0.0;0.0;0.0;0.0;0;0;0.0;0.0;0.0;0.0;0.0;0.0;0.0
32;Hauts-de-France;2;1;2;168;2168;Château-Thierry;15204;309;15513;0.0;0.0;0.0;0.0;0.0;0.0;0.0;0;0;0.0;0.0;0.0;0.0;0.0;0.0;0.0
32;Hauts-de-France;2;2;3;173;2173;Chauny;11496;403;11899;0.0;0.0;0.0;0.0;0.0;0.0;0.0;0;0;0.0;0.0;0.0;0.0;0.0;0.0;0.0
32;Hauts-de-France;2;2;18;738;2738;Tergnier;13431;215;13646;0.0;0.0;0.0;0.0;0.0;0.0;0.0;0;0;0.0;0.0;0.0;0.0;0.0;0.0;0.0
32;Hauts-de-France;2;4;21;810;2810;Villers-Cotterêts;10454;415;10869;0.0;0.0;0.0;0.0;0.0;0.0;0.0;0;0;0.0;0.0;0.0;0.0;0.0;0.0;0.0
84;Auvergne-Rhône-Alpes;3;3;4;95;3095;Cusset;12909;462;13371;0.0;0.0;0.0;0.0;0.0;0.0;0.0;0;0;0.0;0.0;0.0;0.0;0.0;0.0;0.0
84;Auvergne-Rhône-Alpes;3;2;98;190;3190;Moulins;19343;526;19869;0.0;0.0;0.0;0.0;0.0;0.0;0.0;0;0;0.0;0.0;0.0;0.0;0.0;0.0;0.0
84;Auvergne-Rhône-Alpes;3;2;19;321;3321;Yzeure;12598;524;13122;0.0;0.0;0.0;0.0;0.0;0.0;0.0;0;0;0.0;0.0;0.0;0.0;0.0;0.0;0.0
93;Provence-Alpes-Côte d'Azur;4;3;98;70;4070;Digne-les-Bains;17192;932;18124;0.0;0.0;0.0;0.0;0.0;0.0;0.0;0;0;0.0;0.0;0.0;0.0;0.0;0.0;0.0
93;Provence-Alpes-Côte d'Azur;5;1;98;23;5023;Briançon;10561;314;10875;0.0;0.0;0.0;0.0;0.0;0.0;0.0;0;0;0.0;0.0;0.0;0.0;0.0;0.0;0.0
93;Provence-Alpes-Côte d'Azur;6;2;4;12;6012;Beausoleil;12674;122;12796;0.0;0.0;0.0;0.0;0.0;0.0;0.0;0;0;0.0;0.0;0.0;0.0;0.0;0.0;0.0
93;Provence-Alpes-Côte d'Azur;6;1;17;33;6033;Carros;13277;142;13419;0.0;0.0;0.0;0.0;0.0;0.0;0.0;0;0;0.0;0.0;0.0;0.0;0.0;0.0;0.0
93;Provence-Alpes-Côte d'Azur;6;1;12;84;6084;Mouans-Sartoux;10531;189;10720;0.0;0.0;0.0;0.0;0.0;0.0;0.0;0;0;0.0;0.0;0.0;0.0;0.0;0.0;0.0
93;Provence-Alpes-Côte d'Azur;6;1;9;85;6085;Mougins;19677;432;20109;0.0;0.0;0.0;0.0;0.0;0.0;0.0;0;0;0.0;0.0;0.0;0.0;0.0;0.0;0.0
93;Provence-Alpes-Côte d'Azur;6;2;14;104;6104;Roquebrune-Cap-Martin;12371;164;12535;0.0;0.0;0.0;0.0;0.0;0.0;0.0;0;0;0.0;0.0;0.0;0.0;0.0;0.0;0.0
93;Provence-Alpes-Côte d'Azur;6;2;21;149;6149;La Trinité;10276;68;10344;0.0;0.0;0.0;0.0;0.0;0.0;0.0;0;0;0.0;0.0;0.0;0.0;0.0;0.0;0.0
93;Provence-Alpes-Côte d'Azur;6;1;25;152;6152;Valbonne;12754;410;13164;0.0;0.0;0.0;0.0;0.0;0.0;0.0;0;0;0.0;0.0;0.0;0.0;0.0;0.0;0.0
93;Provence-Alpes-Côte d'Azur;6;1;26;157;6157;Vence;19415;263;19678;0.0;0.0;0.0;0.0;0.0;0.0;0.0;0;0;0.0;0.0;0.0;0.0;0.0;0.0;0.0
93;Provence-Alpes-Côte d'Azur;6;1;27;161;6161;Villeneuve-Loubet;16779;216;16995;0.0;0.0;0.0;0.0;0.0;0.0;0.0;0;0;0.0;0.0;0.0;0.0;0.0;0.0;0.0
84;Auvergne-Rhône-Alpes;7;3;98;10;7010;Annonay;16873;566;17439;0.0;0.0;0.0;0.0;0.0;0.0;0.0;0;0;0.0;0.0;0.0;0.0;0.0;0.0;0.0
84;Auvergne-Rhône-Alpes;7;1;99;19;7019;Aubenas;12360;780;13140;0.0;0.0;0.0;0.0;0.0;0.0;0.0;0;0;0.0;0.0;0.0;0.0;0.0;0.0;0.0
84;Auvergne-Rhône-Alpes;7;3;7;102;7102;Guilherand-Granges;11203;186;11389;0.0;0.0;0.0;0.0;0.0;0.0;0.0;0;0;0.0;0.0;0.0;0.0;0.0;0.0;0.0
84;Auvergne-Rhône-Alpes;7;3;14;324;7324;Tournon-sur-Rhône;11191;578;11769;0.0;0.0;0.0;0.0;0.0;0.0;0.0;0;0;0.0;0.0;0.0;0.0;0.0;0.0;0.0
44;Grand Est;8;3;99;409;8409;Sedan;16608;333;16941;0.0;0.0;0.0;0.0;0.0;0.0;0.0;0;0;0.0;0.0;0.0;0.0;0.0;0.0;0.0
76;Occitanie;9;2;99;225;9225;Pamiers;16394;513;16907;0.0;0.0;0.0;0.0;0.0;0.0;0.0;0;0;0.0;0.0;0.0;0.0;0.0;0.0;0.0
44;Grand Est;10;3;14;81;10081;La Chapelle-Saint-Luc;12299;75;12374;2.0;46.0;10.0;4.0;3.0;7.0;3.0;1;75;0.16;3.72;0.81;0.32;0.24;0.57;0.24
44;Grand Est;10;2;9;323;10323;Romilly-sur-Seine;14766;315;15081;13.0;82.0;10.0;6.0;1.0;4.0;3.0;2;119;0.86;5.44;0.66;0.4;0.07;0.27;0.2
44;Grand Est;10;3;10;333;10333;Saint-André-les-Vergers;12775;177;12952;3.0;69.0;4.0;4.0;1.0;3.0;1.0;1;85;0.23;5.33;0.31;0.31;0.08;0.23;0.08
44;Grand Est;10;3;13;362;10362;Sainte-Savine;10515;340;10855;1.0;60.0;7.0;2.0;1.0;6.0;1.0;1;78;0.09;5.53;0.64;0.18;0.09;0.55;0.09
76;Occitanie;11;1;5;76;11076;Castelnaudary;12448;526;12974;13.0;124.0;10.0;6.0;1.0;4.0;2.0;2;160;1.0;9.56;0.77;0.46;0.08;0.31;0.15
76;Occitanie;11;3;8;203;11203;Lézignan-Corbières;10952;215;11167;9.0;120.0;6.0;7.0;1.0;8.0;1.0;2;152;0.81;10.75;0.54;0.63;0.09;0.72;0.09
76;Occitanie;11;2;9;206;11206;Limoux;10302;448;10750;14.0;140.0;8.0;6.0;2.0;12.0;4.0;3;186;1.3;13.02;0.74;0.56;0.19;1.12;0.37
76;Occitanie;12;2;18;176;12176;Onet-le-Château;11873;595;12468;1.0;52.0;6.0;1.0;2.0;3.0;5.0;2;70;0.08;4.17;0.48;0.08;0.16;0.24;0.4
76;Occitanie;12;3;22;300;12300;Villefranche-de-Rouergue;11720;487;12207;15.0;100.0;7.0;8.0;2.0;7.0;4.0;3;143;1.23;8.19;0.57;0.66;0.16;0.57;0.33
93;Provence-Alpes-Côte d'Azur;13;3;3;7;13007;Auriol;12839;151;12990;1.0;114.0;6.0;4.0;2.0;3.0;0.0;4;130;0.08;8.78;0.46;0.31;0.15;0.23;0.0
93;Provence-Alpes-Côte d'Azur;13;4;6;14;13014;Berre-l'Étang;13912;71;13983;5.0;60.0;7.0;2.0;1.0;0.0;2.0;2;77;0.36;4.29;0.5;0.14;0.07;0.0;0.14
93;Provence-Alpes-Côte d'Azur;13;1;29;15;13015;Bouc-Bel-Air;15248;253;15501;3.0;133.0;10.0;2.0;4.0;7.0;0.0;4;159;0.19;8.58;0.65;0.13;0.26;0.45;0.0
93;Provence-Alpes-Côte d'Azur;13;1;29;19;13019;Cabriès;10070;329;10399;0.0;91.0;5.0;2.0;4.0;0.0;2.0;4;104;0.0;8.75;0.48;0.19;0.38;0.0;0.19
93;Provence-Alpes-Côte d'Azur;13;4;11;26;13026;Châteauneuf-les-Martigues;17909;77;17986;0.0;91.0;9.0;4.0;2.0;1.0;0.0;2;107;0.0;5.06;0.5;0.22;0.11;0.06;0.0
93;Provence-Alpes-Côte d'Azur;13;2;7;27;13027;Châteaurenard;16669;256;16925;3.0;118.0;7.0;5.0;1.0;3.0;0.0;2;137;0.18;6.97;0.41;0.3;0.06;0.18;0.0
93;Provence-Alpes-Côte d'Azur;13;4;10;39;13039;Fos-sur-Mer;15469;189;15658;1.0;75.0;8.0;3.0;3.0;1.0;0.0;2;91;0.06;4.79;0.51;0.19;0.19;0.06;0.0
93;Provence-Alpes-Côte d'Azur;13;1;28;40;13040;Fuveau;10115;200;10315;0.0;101.0;5.0;0.0;2.0;0.0;0.0;4;108;0.0;9.79;0.48;0.0;0.19;0.0;0.0
93;Provence-Alpes-Côte d'Azur;13;4;11;43;13043;Gignac-la-Nerthe;10083;96;10179;0.0;58.0;5.0;1.0;1.0;0.0;0.0;2;65;0.0;5.7;0.49;0.1;0.1;0.0;0.0
93;Provence-Alpes-Côte d'Azur;13;1;25;69;13069;Pélissanne;10554;243;10797;0.0;77.0;4.0;4.0;1.0;2.0;0.0;2;88;0.0;7.13;0.37;0.37;0.09;0.19;0.0
93;Provence-Alpes-Côte d'Azur;13;3;3;75;13075;Plan-de-Cuques;11396;87;11483;0.0;142.0;7.0;9.0;2.0;2.0;0.0;1;162;0.0;12.37;0.61;0.78;0.17;0.17;0.0
93;Provence-Alpes-Côte d'Azur;13;4;24;77;13077;Port-de-Bouc;16136;140;16276;4.0;248.0;13.0;3.0;4.0;1.0;3.0;1;276;0.25;15.24;0.8;0.18;0.25;0.06;0.18
93;Provence-Alpes-Côte d'Azur;13;4;6;81;13081;Rognac;12175;112;12287;1.0;89.0;4.0;3.0;1.0;3.0;1.0;4;102;0.08;7.24;0.33;0.24;0.08;0.24;0.08
93;Provence-Alpes-Côte d'Azur;13;2;27;97;13097;Saint-Martin-de-Crau;13729;298;14027;2.0;77.0;7.0;2.0;3.0;2.0;1.0;2;94;0.14;5.49;0.5;0.14;0.21;0.14;0.07
93;Provence-Alpes-Côte d'Azur;13;3;9;106;13106;Septèmes-les-Vallons;11734;78;11812;0.0;85.0;8.0;2.0;2.0;2.0;1.0;1;100;0.0;7.2;0.68;0.17;0.17;0.17;0.08
93;Provence-Alpes-Côte d'Azur;13;2;7;108;13108;Tarascon;15423;139;15562;5.0;78.0;6.0;4.0;2.0;1.0;1.0;2;97;0.32;5.01;0.39;0.26;0.13;0.06;0.06
93;Provence-Alpes-Côte d'Azur;13;1;28;110;13110;Trets;10678;187;10865;4.0;101.0;5.0;4.0;2.0;1.0;0.0;2;117;0.37;9.3;0.46;0.37;0.18;0.09;0.0
93;Provence-Alpes-Côte d'Azur;13;3;14;216;13216;Marseille 16e Arrondissement;15487;90;15577;7.0;278.0;18.0;4.0;6.0;7.0;1.0;0;321;0.45;17.85;1.16;0.26;0.39;0.45;0.06
28;Normandie;14;1;2;47;14047;Bayeux;12775;333;13108;17.0;144.0;10.0;9.0;1.0;17.0;6.0;2;204;1.3;10.99;0.76;0.69;0.08;1.3;0.46
28;Normandie;14;2;16;341;14341;Ifs;11981;236;12217;4.0;50.0;6.0;3.0;1.0;13.0;7.0;1;84;0.33;4.09;0.49;0.25;0.08;1.06;0.57
28;Normandie;14;3;17;366;14366;Lisieux;19807;586;20393;17.0;166.0;16.0;11.0;3.0;16.0;10.0;2;239;0.83;8.14;0.78;0.54;0.15;0.78;0.49
28;Normandie;14;2;16;437;14437;Mondeville;10075;226;10301;0.0;52.0;6.0;3.0;2.0;6.0;4.0;1;73;0.0;5.05;0.58;0.29;0.19;0.58;0.39
28;Normandie;14;4;25;762;14762;Vire Normandie;17135;801;17936;14.0;105.0;10.0;10.0;2.0;15.0;2.0;2;158;0.78;5.85;0.56;0.56;0.11;0.84;0.11
75;Nouvelle-Aquitaine;16;2;99;102;16102;Cognac;18448;403;18851;10.0;117.0;13.0;10.0;4.0;12.0;5.0;2;171;0.53;6.21;0.69;0.53;0.21;0.64;0.27
75;Nouvelle-Aquitaine;17;2;17;306;17306;Royan;19029;539;19568;12.0;217.0;15.0;10.0;2.0;8.0;2.0;2;266;0.61;11.09;0.77;0.51;0.1;0.41;0.1
75;Nouvelle-Aquitaine;19;2;16;272;19272;Tulle;13992;661;14653;14.0;103.0;11.0;9.0;3.0;18.0;10.0;3;168;0.96;7.03;0.75;0.61;0.2;1.23;0.68
27;Bourgogne-Franche-Comté;21;2;6;166;21166;Chenôve;14445;167;14612;3.0;144.0;8.0;4.0;2.0;7.0;1.0;1;169;0.21;9.85;0.55;0.27;0.14;0.48;0.07
27;Bourgogne-Franche-Comté;21;2;7;171;21171;Chevigny-Saint-Sauveur;10944;214;11158;2.0;65.0;5.0;1.0;1.0;2.0;0.0;2;76;0.18;5.83;0.45;0.09;0.09;0.18;0.0
27;Bourgogne-Franche-Comté;21;2;23;617;21617;Talant;11894;213;12107;3.0;83.0;5.0;3.0;3.0;1.0;1.0;1;99;0.25;6.86;0.41;0.25;0.25;0.08;0.08
53;Bretagne;22;1;4;50;22050;Dinan;14675;556;15231;13.0;148.0;8.0;10.0;2.0;14.0;8.0;2;203;0.85;9.72;0.53;0.66;0.13;0.92;0.53
53;Bretagne;22;4;89;93;22093;Lamballe-Armor;16845;482;17327;9.0;126.0;11.0;6.0;2.0;10.0;3.0;5;167;0.52;7.27;0.63;0.35;0.12;0.58;0.17
53;Bretagne;22;4;18;187;22187;Plérin;14704;485;15189;4.0;183.0;7.0;4.0;4.0;15.0;2.0;4;219;0.26;12.05;0.46;0.26;0.26;0.99;0.13
53;Bretagne;22;4;21;215;22215;Ploufragan;11369;332;11701;1.0;47.0;6.0;4.0;2.0;7.0;1.0;1;68;0.09;4.02;0.51;0.34;0.17;0.6;0.09
75;Nouvelle-Aquitaine;23;2;99;96;23096;Guéret;12840;613;13453;18.0;133.0;11.0;4.0;2.0;14.0;10.0;2;192;1.34;9.89;0.82;0.3;0.15;1.04;0.74
75;Nouvelle-Aquitaine;24;3;7;53;24053;Boulazac Isle Manoire;10697;347;11044;0.0;50.0;3.0;1.0;2.0;4.0;1.0;5;61;0.0;4.53;0.27;0.09;0.18;0.36;0.09
27;Bourgogne-Franche-Comté;25;2;1;31;25031;Audincourt;13944;235;14179;2.0;77.0;13.0;4.0;3.0;3.0;2.0;1;104;0.14;5.43;0.92;0.28;0.21;0.21;0.14
27;Bourgogne-Franche-Comté;25;3;16;462;25462;Pontarlier;17849;867;18716;11.0;160.0;12.0;3.0;3.0;12.0;11.0;2;212;0.59;8.55;0.64;0.16;0.16;0.64;0.59
27;Bourgogne-Franche-Comté;25;2;19;580;25580;Valentigney;10765;191;10956;2.0;32.0;5.0;3.0;1.0;3.0;1.0;1;47;0.18;2.92;0.46;0.27;0.09;0.27;0.09
84;Auvergne-Rhône-Alpes;26;3;15;58;26058;Bourg-lès-Valence;19581;539;20120;1.0;78.0;8.0;3.0;3.0;7.0;4.0;1;104;0.05;3.88;0.4;0.15;0.15;0.35;0.2
84;Auvergne-Rhône-Alpes;26;2;14;235;26235;Pierrelatte;13799;257;14056;5.0;93.0;8.0;4.0;1.0;7.0;3.0;2;121;0.36;6.62;0.57;0.28;0.07;0.5;0.21
84;Auvergne-Rhône-Alpes;26;3;17;252;26252;Portes-lès-Valence;10422;161;10583;0.0;72.0;6.0;4.0;1.0;3.0;0.0;2;86;0.0;6.8;0.57;0.38;0.09;0.28;0.0
28;Normandie;27;1;13;284;27284;Gisors;11919;198;12117;9.0;81.0;7.0;6.0;4.0;6.0;2.0;2;115;0.74;6.68;0.58;0.5;0.33;0.5;0.17
28;Normandie;27;1;14;375;27375;Louviers;18350;374;18724;11.0;101.0;12.0;7.0;6.0;9.0;7.0;2;153;0.59;5.39;0.64;0.37;0.32;0.48;0.37
28;Normandie;27;1;21;701;27701;Val-de-Reuil;12647;283;12930;5.0;33.0;4.0;2.0;3.0;6.0;4.0;2;57;0.39;2.55;0.31;0.15;0.23;0.46;0.31
24;Centre-Val de Loire;28;2;7;88;28088;Châteaudun;12909;315;13224;9.0;68.0;7.0;8.0;2.0;13.0;7.0;3;114;0.68;5.14;0.53;0.6;0.15;0.98;0.53
24;Centre-Val de Loire;28;1;12;218;28218;Lucé;15602;180;15782;2.0;54.0;8.0;2.0;3.0;5.0;4.0;1;78;0.13;3.42;0.51;0.13;0.19;0.32;0.25
24;Centre-Val de Loire;28;1;6;229;28229;Mainvilliers;11057;236;11293;3.0;72.0;4.0;1.0;2.0;5.0;3.0;1;90;0.27;6.38;0.35;0.09;0.18;0.44;0.27
24;Centre-Val de Loire;28;3;8;404;28404;Vernouillet;12455;160;12615;3.0;36.0;4.0;5.0;4.0;10.0;2.0;2;64;0.24;2.85;0.32;0.4;0.32;0.79;0.16
53;Bretagne;29;4;10;46;29046;Douarnenez;14163;397;14560;9.0;148.0;11.0;9.0;1.0;8.0;1.0;3;187;0.62;10.16;0.76;0.62;0.07;0.55;0.07
53;Bretagne;29;4;11;58;29058;Fouesnant;10098;499;10597;0.0;90.0;3.0;3.0;1.0;3.0;0.0;3;100;0.0;8.49;0.28;0.28;0.09;0.28;0.0
53;Bretagne;29;1;12;75;29075;Guipavas;15460;363;15823;1.0;94.0;5.0;5.0;4.0;7.0;0.0;4;116;0.06;5.94;0.32;0.32;0.25;0.44;0.0
53;Bretagne;29;1;13;103;29103;Landerneau;16206;613;16819;8.0;148.0;9.0;5.0;1.0;11.0;2.0;2;184;0.48;8.8;0.54;0.3;0.06;0.65;0.12
53;Bretagne;29;3;17;151;29151;Morlaix;14903;467;15370;11.0;197.0;11.0;5.0;2.0;13.0;9.0;2;248;0.72;12.82;0.72;0.33;0.13;0.85;0.59
53;Bretagne;29;1;12;189;29189;Plougastel-Daoulas;13445;362;13807;0.0;95.0;4.0;4.0;2.0;4.0;1.0;4;110;0.0;6.88;0.29;0.29;0.14;0.29;0.07
53;Bretagne;29;1;3;212;29212;Plouzané;13473;274;13747;0.0;60.0;5.0;2.0;1.0;1.0;0.0;4;69;0.0;4.36;0.36;0.15;0.07;0.07;0.0
53;Bretagne;29;4;25;233;29233;Quimperlé;12313;469;12782;12.0;141.0;10.0;4.0;2.0;3.0;4.0;2;176;0.94;11.03;0.78;0.31;0.16;0.23;0.31
53;Bretagne;29;1;12;235;29235;Le Relecq-Kerhuon;11791;216;12007;0.0;83.0;5.0;3.0;2.0;4.0;0.0;2;97;0.0;6.91;0.42;0.25;0.17;0.33;0.0
94;Corse;2A;4;99;247;2A247;Porto-Vecchio;11229;153;11382;11.0;183.0;8.0;3.0;3.0;7.0;2.0;3;217;0.97;16.08;0.7;0.26;0.26;0.62;0.18
76;Occitanie;30;2;5;28;30028;Bagnols-sur-Cèze;18248;351;18599;17.0;162.0;18.0;7.0;2.0;17.0;6.0;2;229;0.91;8.71;0.97;0.38;0.11;0.91;0.32
76;Occitanie;30;2;6;32;30032;Beaucaire;15680;156;15836;5.0;86.0;8.0;5.0;2.0;3.0;0.0;2;109;0.32;5.43;0.51;0.32;0.13;0.19;0.0
76;Occitanie;30;2;14;202;30202;Pont-Saint-Esprit;10600;181;10781;3.0;84.0;7.0;3.0;1.0;7.0;1.0;2;106;0.28;7.79;0.65;0.28;0.09;0.65;0.09
76;Occitanie;30;2;19;258;30258;Saint-Gilles;14264;127;14391;0.0;97.0;9.0;1.0;2.0;1.0;0.0;2;110;0.0;6.74;0.63;0.07;0.14;0.07;0.0
76;Occitanie;30;2;21;341;30341;Vauvert;11774;103;11877;3.0;86.0;8.0;2.0;1.0;9.0;0.0;2;109;0.25;7.24;0.67;0.17;0.08;0.76;0.0
76;Occitanie;30;2;23;351;30351;Villeneuve-lès-Avignon;12617;350;12967;1.0;109.0;5.0;3.0;2.0;0.0;2.0;1;122;0.08;8.41;0.39;0.23;0.15;0.0;0.15
76;Occitanie;31;1;1;33;31033;Auterive;10126;133;10259;1.0;95.0;5.0;5.0;3.0;3.0;1.0;3;113;0.1;9.26;0.49;0.49;0.29;0.29;0.1
76;Occitanie;31;3;24;44;31044;Balma;17385;292;17677;2.0;204.0;7.0;6.0;7.0;6.0;2.0;1;234;0.11;11.54;0.4;0.34;0.4;0.34;0.11
76;Occitanie;31;3;4;113;31113;Castanet-Tolosan;14903;225;15128;1.0;157.0;8.0;4.0;2.0;5.0;1.0;2;178;0.07;10.38;0.53;0.26;0.13;0.33;0.07
76;Occitanie;31;3;5;116;31116;Castelginest;10876;119;10995;0.0;70.0;4.0;3.0;2.0;3.0;1.0;1;83;0.0;6.37;0.36;0.27;0.18;0.27;0.09
76;Occitanie;31;1;11;187;31187;Fonsorbes;12546;344;12890;0.0;67.0;6.0;1.0;3.0;3.0;1.0;2;81;0.0;5.2;0.47;0.08;0.23;0.23;0.08
76;Occitanie;31;3;11;424;31424;Plaisance-du-Touch;19944;376;20320;0.0;167.0;8.0;7.0;3.0;9.0;1.0;1;195;0.0;8.22;0.39;0.34;0.15;0.44;0.05
76;Occitanie;31;3;25;446;31446;Ramonville-Saint-Agne;14949;263;15212;4.0;168.0;6.0;6.0;8.0;15.0;0.0;1;207;0.26;11.04;0.39;0.39;0.53;0.99;0.0
76;Occitanie;31;2;14;483;31483;Saint-Gaudens;11613;558;12171;18.0;161.0;12.0;8.0;4.0;12.0;7.0;2;222;1.48;13.23;0.99;0.66;0.33;0.99;0.58
76;Occitanie;31;3;23;488;31488;Saint-Jean;11243;166;11409;6.0;206.0;5.0;3.0;2.0;4.0;2.0;1;228;0.53;18.06;0.44;0.26;0.18;0.35;0.18
76;Occitanie;31;3;4;506;31506;Saint-Orens-de-Gameville;13766;256;14022;3.0;161.0;9.0;3.0;3.0;6.0;1.0;2;186;0.21;11.48;0.64;0.21;0.21;0.43;0.07
76;Occitanie;31;3;23;561;31561;L'Union;12358;188;12546;1.0;166.0;7.0;5.0;5.0;1.0;0.0;1;185;0.08;13.23;0.56;0.4;0.4;0.08;0.0
76;Occitanie;31;3;26;588;31588;Villeneuve-Tolosane;10369;130;10499;1.0;63.0;5.0;3.0;2.0;3.0;1.0;1;78;0.1;6.0;0.48;0.29;0.19;0.29;0.1
75;Nouvelle-Aquitaine;33;2;26;3;33003;Ambarès-et-Lagrave;16798;165;16963;0.0;83.0;4.0;3.0;2.0;3.0;0.0;2;95;0.0;4.89;0.24;0.18;0.12;0.18;0.0
75;Nouvelle-Aquitaine;33;6;1;5;33005;Andernos-les-Bains;12472;274;12746;2.0;136.0;6.0;3.0;2.0;3.0;0.0;3;152;0.16;10.67;0.47;0.24;0.16;0.24;0.0
75;Nouvelle-Aquitaine;33;6;32;9;33009;Arcachon;11259;320;11579;3.0;209.0;12.0;6.0;3.0;0.0;2.0;4;235;0.26;18.05;1.04;0.52;0.26;0.0;0.17
75;Nouvelle-Aquitaine;33;6;1;51;33051;Biganos;11095;137;11232;3.0;181.0;7.0;4.0;2.0;5.0;0.0;2;202;0.27;16.11;0.62;0.36;0.18;0.45;0.0
75;Nouvelle-Aquitaine;33;2;25;56;33056;Blanquefort;16004;632;16636;4.0;126.0;6.0;2.0;5.0;4.0;2.0;1;149;0.24;7.57;0.36;0.12;0.3;0.24;0.12
75;Nouvelle-Aquitaine;33;2;23;122;33122;Cestas;16789;281;17070;2.0;172.0;7.0;6.0;4.0;2.0;0.0;4;193;0.12;10.08;0.41;0.35;0.23;0.12;0.0
75;Nouvelle-Aquitaine;33;2;9;167;33167;Floirac;17749;128;17877;2.0;231.0;8.0;3.0;3.0;1.0;0.0;1;248;0.11;12.92;0.45;0.17;0.17;0.06;0.0
75;Nouvelle-Aquitaine;33;2;18;200;33200;Le Haillan;11572;187;11759;1.0;69.0;5.0;1.0;5.0;0.0;0.0;1;81;0.09;5.87;0.43;0.09;0.43;0.0;0.0
75;Nouvelle-Aquitaine;33;2;8;238;33238;Léognan;10708;156;10864;2.0;88.0;4.0;4.0;1.0;2.0;1.0;4;102;0.18;8.1;0.37;0.37;0.09;0.18;0.09
75;Nouvelle-Aquitaine;33;6;14;284;33284;Mios;11469;190;11659;0.0;55.0;3.0;1.0;1.0;0.0;0.0;5;60;0.0;4.72;0.26;0.09;0.09;0.0;0.0
75;Nouvelle-Aquitaine;33;2;25;312;33312;Parempuyre;10142;102;10244;0.0;53.0;3.0;2.0;1.0;0.0;0.0;2;59;0.0;5.17;0.29;0.2;0.1;0.0;0.0
75;Nouvelle-Aquitaine;33;1;20;366;33366;Saint-André-de-Cubzac;12854;185;13039;2.0;143.0;4.0;2.0;1.0;0.0;0.0;2;152;0.15;10.97;0.31;0.15;0.08;0.0;0.0
75;Nouvelle-Aquitaine;33;2;26;433;33433;Saint-Loubès;10005;108;10113;0.0;63.0;3.0;4.0;1.0;2.0;0.0;4;73;0.0;6.23;0.3;0.4;0.1;0.2;0.0
75;Nouvelle-Aquitaine;33;2;28;519;33519;Le Taillan-Médoc;10727;155;10882;0.0;66.0;5.0;1.0;2.0;0.0;0.0;1;74;0.0;6.07;0.46;0.09;0.18;0.0;0.0
76;Occitanie;34;3;10;123;34123;Juvignac;12783;107;12890;0.0;129.0;6.0;3.0;1.0;4.0;0.0;4;143;0.0;10.01;0.47;0.23;0.08;0.31;0.0
76;Occitanie;34;3;10;129;34129;Lattes;17544;231;17775;1.0;232.0;8.0;7.0;5.0;7.0;1.0;1;261;0.06;13.05;0.45;0.39;0.28;0.39;0.06
76;Occitanie;34;3;13;154;34154;Mauguio;16596;194;16790;0.0;212.0;14.0;5.0;3.0;5.0;0.0;2;239;0.0;12.63;0.83;0.3;0.18;0.3;0.0
76;Occitanie;34;3;14;157;34157;Mèze;12664;170;12834;5.0;88.0;4.0;5.0;3.0;4.0;0.0;2;109;0.39;6.86;0.31;0.39;0.23;0.31;0.0
76;Occitanie;34;2;23;255;34255;Saint-Gély-du-Fesc;10537;273;10810;0.0;172.0;4.0;5.0;1.0;3.0;0.0;2;185;0.0;15.91;0.37;0.46;0.09;0.28;0.0
76;Occitanie;34;3;10;270;34270;Saint-Jean-de-Védas;12570;152;12722;4.0;230.0;5.0;7.0;1.0;5.0;0.0;1;252;0.31;18.08;0.39;0.55;0.08;0.39;0.0
76;Occitanie;34;3;22;337;34337;Villeneuve-lès-Maguelone;10405;116;10521;0.0;80.0;4.0;2.0;1.0;3.0;0.0;2;90;0.0;7.6;0.38;0.19;0.1;0.29;0.0
53;Bretagne;35;3;3;24;35024;Betton;12695;264;12959;1.0;91.0;5.0;3.0;2.0;9.0;1.0;2;112;0.08;7.02;0.39;0.23;0.15;0.69;0.08
53;Bretagne;35;3;4;47;35047;Bruz;19651;467;20118;2.0;133.0;9.0;6.0;3.0;7.0;3.0;2;163;0.1;6.61;0.45;0.3;0.15;0.35;0.15
53;Bretagne;35;3;3;51;35051;Cesson-Sévigné;17716;496;18212;2.0;238.0;9.0;8.0;7.0;7.0;0.0;1;271;0.11;13.07;0.49;0.44;0.38;0.38;0.0
53;Bretagne;35;3;20;55;35055;Chantepie;10232;159;10391;2.0;61.0;5.0;2.0;1.0;5.0;4.0;1;80;0.19;5.87;0.48;0.19;0.1;0.48;0.38
53;Bretagne;35;3;5;69;35069;Châteaugiron;10518;262;10780;0.0;67.0;4.0;4.0;1.0;1.0;0.0;3;77;0.0;6.22;0.37;0.37;0.09;0.09;0.0
53;Bretagne;35;4;26;93;35093;Dinard;10219;534;10753;5.0;102.0;8.0;3.0;1.0;1.0;3.0;2;123;0.46;9.49;0.74;0.28;0.09;0.09;0.28
53;Bretagne;35;3;23;210;35210;Pacé;11918;339;12257;0.0;71.0;6.0;3.0;2.0;3.0;3.0;2;88;0.0;5.79;0.49;0.24;0.16;0.24;0.24
53;Bretagne;35;3;22;281;35281;Saint-Jacques-de-la-Lande;13656;126;13782;1.0;86.0;4.0;2.0;3.0;2.0;2.0;1;100;0.07;6.24;0.29;0.15;0.22;0.15;0.15
53;Bretagne;35;1;27;360;35360;Vitré;18998;555;19553;10.0;145.0;9.0;11.0;3.0;17.0;6.0;2;201;0.51;7.42;0.46;0.56;0.15;0.87;0.31
24;Centre-Val de Loire;36;4;9;88;36088;Issoudun;10992;240;11232;8.0;55.0;10.0;6.0;2.0;12.0;2.0;2;95;0.71;4.9;0.89;0.53;0.18;1.07;0.18
24;Centre-Val de Loire;37;3;1;3;37003;Amboise;12938;392;13330;7.0;131.0;7.0;6.0;1.0;4.0;5.0;3;161;0.53;9.83;0.53;0.45;0.08;0.3;0.38
24;Centre-Val de Loire;37;2;10;50;37050;Chambray-lès-Tours;11589;241;11830;9.0;191.0;9.0;7.0;5.0;4.0;0.0;1;225;0.76;16.15;0.76;0.59;0.42;0.34;0.0
24;Centre-Val de Loire;37;2;12;109;37109;Fondettes;10741;498;11239;0.0;71.0;5.0;4.0;2.0;5.0;1.0;4;88;0.0;6.32;0.44;0.36;0.18;0.44;0.09
24;Centre-Val de Loire;37;2;10;156;37156;Montlouis-sur-Loire;11048;165;11213;0.0;62.0;4.0;6.0;1.0;3.0;0.0;4;76;0.0;5.53;0.36;0.54;0.09;0.27;0.0
24;Centre-Val de Loire;37;2;2;195;37195;La Riche;10325;109;10434;3.0;50.0;6.0;2.0;2.0;2.0;0.0;1;65;0.29;4.79;0.58;0.19;0.19;0.19;0.0
24;Centre-Val de Loire;37;2;14;208;37208;Saint-Avertin;15000;340;15340;0.0;102.0;7.0;7.0;5.0;5.0;1.0;1;127;0.0;6.65;0.46;0.46;0.33;0.33;0.07
24;Centre-Val de Loire;37;2;12;214;37214;Saint-Cyr-sur-Loire;17004;346;17350;6.0;242.0;8.0;8.0;3.0;5.0;2.0;1;274;0.35;13.95;0.46;0.46;0.17;0.29;0.12
24;Centre-Val de Loire;37;2;14;233;37233;Saint-Pierre-des-Corps;15909;268;16177;2.0;66.0;8.0;3.0;3.0;1.0;1.0;1;84;0.12;4.08;0.49;0.19;0.19;0.06;0.06
84;Auvergne-Rhône-Alpes;38;2;4;85;38085;Charvieu-Chavagneux;10280;88;10368;1.0;40.0;4.0;2.0;1.0;0.0;0.0;4;48;0.1;3.86;0.39;0.19;0.1;0.0;0.0
84;Auvergne-Rhône-Alpes;38;2;14;193;38193;L'Isle-d'Abeau;17206;235;17441;2.0;38.0;5.0;2.0;7.0;5.0;3.0;2;62;0.11;2.18;0.29;0.11;0.4;0.29;0.17
84;Auvergne-Rhône-Alpes;38;1;16;229;38229;Meylan;18573;349;18922;3.0;252.0;12.0;7.0;6.0;10.0;0.0;1;290;0.16;13.32;0.63;0.37;0.32;0.53;0.0
84;Auvergne-Rhône-Alpes;38;1;20;317;38317;Le Pont-de-Claix;10805;86;10891;2.0;66.0;5.0;2.0;4.0;0.0;0.0;1;79;0.18;6.06;0.46;0.18;0.37;0.0;0.0
84;Auvergne-Rhône-Alpes;38;1;10;382;38382;Saint-Égrève;16995;221;17216;5.0;130.0;8.0;1.0;5.0;7.0;2.0;1;158;0.29;7.55;0.46;0.06;0.29;0.41;0.12
84;Auvergne-Rhône-Alpes;38;1;7;474;38474;Sassenage;11660;203;11863;1.0;58.0;6.0;2.0;2.0;7.0;0.0;1;76;0.08;4.89;0.51;0.17;0.17;0.59;0.0
84;Auvergne-Rhône-Alpes;38;1;6;485;38485;Seyssinet-Pariset;11753;131;11884;1.0;103.0;6.0;3.0;3.0;5.0;1.0;1;122;0.08;8.67;0.5;0.25;0.25;0.42;0.08
84;Auvergne-Rhône-Alpes;38;2;14;553;38553;Villefontaine;19083;250;19333;5.0;111.0;5.0;0.0;8.0;4.0;4.0;2;137;0.26;5.74;0.26;0.0;0.41;0.21;0.21
27;Bourgogne-Franche-Comté;39;2;99;300;39300;Lons-le-Saunier;17043;844;17887;16.0;149.0;16.0;13.0;5.0;14.0;12.0;2;225;0.89;8.33;0.89;0.73;0.28;0.78;0.67
75;Nouvelle-Aquitaine;40;2;7;46;40046;Biscarrosse;14551;358;14909;2.0;136.0;6.0;2.0;2.0;1.0;0.0;3;149;0.13;9.12;0.4;0.13;0.13;0.07;0.0
75;Nouvelle-Aquitaine;40;1;5;279;40279;Saint-Paul-lès-Dax;14317;461;14778;1.0;122.0;12.0;5.0;1.0;10.0;1.0;2;152;0.07;8.26;0.81;0.34;0.07;0.68;0.07
75;Nouvelle-Aquitaine;40;1;15;312;40312;Tarnos;12920;305;13225;0.0;135.0;5.0;2.0;3.0;1.0;2.0;4;148;0.0;10.21;0.38;0.15;0.23;0.08;0.15
24;Centre-Val de Loire;41;3;10;194;41194;Romorantin-Lanthenay;18115;454;18569;10.0;82.0;7.0;9.0;3.0;14.0;6.0;3;131;0.54;4.42;0.38;0.48;0.16;0.75;0.32
24;Centre-Val de Loire;41;2;14;269;41269;Vendôme;15747;630;16377;13.0;128.0;12.0;11.0;3.0;19.0;4.0;2;190;0.79;7.82;0.73;0.67;0.18;1.16;0.24
84;Auvergne-Rhône-Alpes;42;3;1;5;42005;Andrézieux-Bouthéon;10187;153;10340;4.0;97.0;6.0;3.0;1.0;3.0;1.0;2;115;0.39;9.38;0.58;0.29;0.1;0.29;0.1
84;Auvergne-Rhône-Alpes;42;3;15;44;42044;Le Chambon-Feugerolles;12066;82;12148;2.0;62.0;6.0;4.0;3.0;14.0;0.0;2;91;0.16;5.1;0.49;0.33;0.25;1.15;0.0
84;Auvergne-Rhône-Alpes;42;3;6;95;42095;Firminy;17137;160;17297;9.0;130.0;13.0;7.0;3.0;7.0;0.0;2;169;0.52;7.52;0.75;0.4;0.17;0.4;0.0
84;Auvergne-Rhône-Alpes;42;1;7;147;42147;Montbrison;16064;571;16635;13.0;153.0;8.0;5.0;4.0;14.0;3.0;2;200;0.78;9.2;0.48;0.3;0.24;0.84;0.18
84;Auvergne-Rhône-Alpes;42;2;12;184;42184;Riorges;11045;216;11261;1.0;44.0;5.0;1.0;2.0;6.0;5.0;2;64;0.09;3.91;0.44;0.09;0.18;0.53;0.44
84;Auvergne-Rhône-Alpes;42;3;10;186;42186;Rive-de-Gier;15214;134;15348;4.0;113.0;10.0;5.0;2.0;4.0;2.0;2;140;0.26;7.36;0.65;0.33;0.13;0.26;0.13
84;Auvergne-Rhône-Alpes;42;1;20;279;42279;Saint-Just-Saint-Rambert;15419;245;15664;0.0;132.0;7.0;5.0;3.0;2.0;0.0;4;149;0.0;8.43;0.45;0.32;0.19;0.13;0.0
84;Auvergne-Rhône-Alpes;43;2;99;157;43157;Le Puy-en-Velay;18629;810;19439;17.0;222.0;18.0;13.0;4.0;21.0;13.0;2;308;0.87;11.42;0.93;0.67;0.21;1.08;0.67
52;Pays de la Loire;44;5;1;3;44003;Ancenis-Saint-Géréon;11099;389;11488;11.0;138.0;6.0;8.0;2.0;17.0;2.0;3;184;0.96;12.01;0.52;0.7;0.17;1.48;0.17
52;Pays de la Loire;44;5;3;15;44015;Blain;10187;173;10360;5.0;66.0;5.0;5.0;1.0;10.0;0.0;3;92;0.48;6.37;0.48;0.48;0.1;0.97;0.0
52;Pays de la Loire;44;5;6;36;44036;Châteaubriant;12189;440;12629;11.0;106.0;7.0;8.0;2.0;17.0;2.0;3;153;0.87;8.39;0.55;0.63;0.16;1.35;0.16
52;Pays de la Loire;44;3;2;55;44055;La Baule-Escoublac;16468;566;17034;1.0;125.0;11.0;11.0;2.0;9.0;0.0;2;159;0.06;7.34;0.65;0.65;0.12;0.53;0.0
52;Pays de la Loire;44;3;9;69;44069;Guérande;16151;582;16733;8.0;163.0;9.0;8.0;2.0;13.0;1.0;4;204;0.48;9.74;0.54;0.48;0.12;0.78;0.06
52;Pays de la Loire;44;3;19;129;44129;Pontchâteau;11075;283;11358;3.0;50.0;5.0;6.0;1.0;9.0;0.0;3;74;0.26;4.4;0.44;0.53;0.09;0.79;0.0
52;Pays de la Loire;44;3;20;131;44131;Pornic;17910;445;18355;7.0;162.0;8.0;9.0;1.0;7.0;1.0;3;195;0.38;8.83;0.44;0.49;0.05;0.38;0.05
52;Pays de la Loire;44;3;2;132;44132;Pornichet;12121;309;12430;0.0;91.0;5.0;5.0;2.0;3.0;0.0;4;106;0.0;7.32;0.4;0.4;0.16;0.24;0.0
52;Pays de la Loire;44;3;23;154;44154;Saint-Brevin-les-Pins;14411;363;14774;1.0;82.0;6.0;3.0;1.0;7.0;0.0;3;100;0.07;5.55;0.41;0.2;0.07;0.47;0.0
52;Pays de la Loire;44;2;4;172;44172;Sainte-Luce-sur-Loire;15527;257;15784;0.0;81.0;7.0;3.0;3.0;2.0;2.0;1;98;0.0;5.13;0.44;0.19;0.19;0.13;0.13
52;Pays de la Loire;44;2;4;204;44204;Thouaré-sur-Loire;10783;171;10954;1.0;54.0;4.0;3.0;1.0;4.0;0.0;2;67;0.09;4.93;0.37;0.27;0.09;0.37;0.0
52;Pays de la Loire;44;5;5;209;44209;Treillières;10230;260;10490;0.0;37.0;3.0;2.0;3.0;2.0;1.0;3;48;0.0;3.53;0.29;0.19;0.29;0.19;0.1
24;Centre-Val de Loire;45;1;2;4;45004;Amilly;13267;568;13835;9.0;47.0;5.0;4.0;2.0;6.0;3.0;4;76;0.65;3.4;0.36;0.29;0.14;0.43;0.22
24;Centre-Val de Loire;45;1;2;68;45068;Châlette-sur-Loing;12728;226;12954;1.0;18.0;7.0;2.0;2.0;2.0;1.0;2;33;0.08;1.39;0.54;0.15;0.15;0.15;0.08
24;Centre-Val de Loire;45;2;19;75;45075;La Chapelle-Saint-Mesmin;10218;196;10414;3.0;46.0;6.0;8.0;3.0;5.0;3.0;1;74;0.29;4.42;0.58;0.77;0.29;0.48;0.29
24;Centre-Val de Loire;45;1;7;155;45155;Gien;13387;398;13785;9.0;85.0;8.0;7.0;1.0;14.0;3.0;3;127;0.65;6.17;0.58;0.51;0.07;1.02;0.22
24;Centre-Val de Loire;45;1;11;208;45208;Montargis;15061;439;15500;4.0;158.0;12.0;10.0;4.0;11.0;6.0;2;205;0.26;10.19;0.77;0.65;0.26;0.71;0.39
24;Centre-Val de Loire;45;2;19;285;45285;Saint-Jean-de-la-Ruelle;16594;246;16840;1.0;72.0;9.0;3.0;4.0;5.0;0.0;1;94;0.06;4.28;0.53;0.18;0.24;0.3;0.0
24;Centre-Val de Loire;45;2;15;302;45302;Saran;16679;209;16888;8.0;165.0;7.0;3.0;3.0;13.0;0.0;4;199;0.47;9.77;0.41;0.18;0.18;0.77;0.0
75;Nouvelle-Aquitaine;47;2;98;157;47157;Marmande;17239;502;17741;9.0;133.0;10.0;3.0;4.0;2.0;4.0;2;165;0.51;7.5;0.56;0.17;0.23;0.11;0.23
76;Occitanie;48;2;99;95;48095;Mende;12316;771;13087;19.0;93.0;10.0;11.0;2.0;12.0;8.0;3;155;1.45;7.11;0.76;0.84;0.15;0.92;0.61
52;Pays de la Loire;49;1;4;15;49015;Avrillé;14938;392;15330;3.0;96.0;5.0;3.0;4.0;4.0;2.0;1;117;0.2;6.26;0.33;0.2;0.26;0.26;0.13
52;Pays de la Loire;49;3;8;18;49018;Baugé-en-Anjou;11757;240;11997;4.0;66.0;4.0;9.0;2.0;8.0;1.0;6;94;0.33;5.5;0.33;0.75;0.17;0.67;0.08
52;Pays de la Loire;49;1;86;50;49050;Brissac Loire Aubance;10895;280;11175;0.0;63.0;4.0;2.0;4.0;5.0;0.0;5;78;0.0;5.64;0.36;0.18;0.36;0.45;0.0
52;Pays de la Loire;49;2;16;69;49069;Orée d'Anjou;16709;311;17020;1.0;63.0;5.0;6.0;2.0;2.0;0.0;5;79;0.06;3.7;0.29;0.35;0.12;0.12;0.0
52;Pays de la Loire;49;3;14;125;49125;Doué-en-Anjou;11228;239;11467;8.0;60.0;5.0;3.0;1.0;5.0;0.0;3;82;0.7;5.23;0.44;0.26;0.09;0.44;0.0
52;Pays de la Loire;49;2;9;218;49218;Montrevault-sur-Èvre;15755;300;16055;2.0;58.0;6.0;5.0;1.0;3.0;0.0;5;75;0.12;3.61;0.37;0.31;0.06;0.19;0.0
52;Pays de la Loire;49;2;16;244;49244;Mauges-sur-Loire;18331;493;18824;4.0;77.0;8.0;9.0;2.0;9.0;0.0;5;109;0.21;4.09;0.42;0.48;0.11;0.48;0.0
52;Pays de la Loire;49;1;17;246;49246;Les Ponts-de-Cé;12725;546;13271;3.0;76.0;4.0;3.0;2.0;2.0;1.0;1;91;0.23;5.73;0.3;0.23;0.15;0.15;0.08
52;Pays de la Loire;49;1;7;307;49307;Loire-Authion;16416;576;16992;0.0;64.0;7.0;7.0;1.0;5.0;0.0;5;84;0.0;3.77;0.41;0.41;0.06;0.29;0.0
52;Pays de la Loire;49;4;20;331;49331;Segré-en-Anjou Bleu;17699;797;18496;5.0;83.0;9.0;7.0;1.0;10.0;1.0;5;116;0.27;4.49;0.49;0.38;0.05;0.54;0.05
52;Pays de la Loire;49;1;7;353;49353;Trélazé;15358;186;15544;10.0;176.0;8.0;4.0;3.0;7.0;2.0;1;210;0.64;11.32;0.51;0.26;0.19;0.45;0.13
28;Normandie;50;1;84;25;50025;Avranches;10240;508;10748;19.0;121.0;6.0;10.0;1.0;19.0;11.0;2;187;1.77;11.26;0.56;0.93;0.09;1.77;1.02
28;Normandie;50;2;14;41;50041;La Hague;11223;295;11518;0.0;39.0;4.0;3.0;1.0;5.0;1.0;6;53;0.0;3.39;0.35;0.26;0.09;0.43;0.09
28;Normandie;50;4;83;99;50099;Carentan-les-Marais;10220;156;10376;6.0;54.0;7.0;3.0;1.0;3.0;2.0;3;76;0.58;5.2;0.67;0.29;0.1;0.29;0.19
28;Normandie;50;1;13;218;50218;Granville;12581;698;13279;13.0;134.0;8.0;13.0;2.0;13.0;5.0;2;188;0.98;10.09;0.6;0.98;0.15;0.98;0.38
28;Normandie;50;4;99;502;50502;Saint-Lô;19373;808;20181;25.0;136.0;15.0;8.0;4.0;23.0;16.0;2;227;1.24;6.74;0.74;0.4;0.2;1.14;0.79
44;Grand Est;51;3;14;573;51573;Tinqueux;10552;130;10682;0.0;54.0;5.0;2.0;3.0;4.0;1.0;1;69;0.0;5.06;0.47;0.19;0.28;0.37;0.09
44;Grand Est;51;4;23;649;51649;Vitry-le-François;11454;208;11662;7.0;90.0;8.0;9.0;1.0;12.0;2.0;2;129;0.6;7.72;0.69;0.77;0.09;1.03;0.17
52;Pays de la Loire;53;1;88;62;53062;Château-Gontier-sur-Mayenne;16710;660;17370;11.0;90.0;12.0;7.0;2.0;14.0;3.0;2;139;0.63;5.18;0.69;0.4;0.12;0.81;0.17
52;Pays de la Loire;53;3;14;147;53147;Mayenne;12900;677;13577;11.0;107.0;7.0;8.0;1.0;8.0;7.0;2;149;0.81;7.88;0.52;0.59;0.07;0.59;0.52
44;Grand Est;54;3;6;304;54304;Laxou;14671;183;14854;1.0;89.0;9.0;4.0;7.0;2.0;14.0;1;126;0.07;5.99;0.61;0.27;0.47;0.13;0.94
44;Grand Est;54;1;7;323;54323;Longwy;15191;226;15417;4.0;78.0;10.0;6.0;1.0;6.0;5.0;2;110;0.26;5.06;0.65;0.39;0.06;0.39;0.32
44;Grand Est;54;2;98;329;54329;Lunéville;17755;296;18051;14.0;154.0;16.0;7.0;3.0;19.0;4.0;2;217;0.78;8.53;0.89;0.39;0.17;1.05;0.22
44;Grand Est;54;3;18;431;54431;Pont-à-Mousson;14338;210;14548;7.0;128.0;10.0;10.0;2.0;11.0;5.0;2;173;0.48;8.8;0.69;0.69;0.14;0.76;0.34
44;Grand Est;54;3;19;482;54482;Saint-Max;10073;86;10159;0.0;77.0;7.0;3.0;2.0;1.0;0.0;1;90;0.0;7.58;0.69;0.3;0.2;0.1;0.0
44;Grand Est;54;4;20;528;54528;Toul;15849;212;16061;7.0;172.0;11.0;9.0;2.0;8.0;5.0;2;214;0.44;10.71;0.68;0.56;0.12;0.5;0.31
44;Grand Est;54;3;6;578;54578;Villers-lès-Nancy;14761;325;15086;1.0;95.0;8.0;6.0;2.0;1.0;1.0;4;114;0.07;6.3;0.53;0.4;0.13;0.07;0.07
44;Grand Est;54;1;23;580;54580;Villerupt;10069;89;10158;1.0;32.0;7.0;1.0;1.0;0.0;0.0;4;42;0.1;3.15;0.69;0.1;0.1;0.0;0.0
44;Grand Est;55;1;98;29;55029;Bar-le-Duc;14668;564;15232;12.0;142.0;13.0;10.0;3.0;22.0;16.0;2;218;0.79;9.32;0.85;0.66;0.2;1.44;1.05
44;Grand Est;55;3;99;545;55545;Verdun;16689;969;17658;16.0;95.0;13.0;8.0;2.0;16.0;9.0;2;159;0.91;5.38;0.74;0.45;0.11;0.91;0.51
53;Bretagne;56;1;1;7;56007;Auray;14222;369;14591;10.0;239.0;10.0;10.0;1.0;15.0;10.0;2;295;0.69;16.38;0.69;0.69;0.07;1.03;0.69
53;Bretagne;56;1;5;78;56078;Guidel;11947;306;12253;1.0;67.0;4.0;4.0;1.0;3.0;0.0;4;80;0.08;5.47;0.33;0.33;0.08;0.24;0.0
53;Bretagne;56;1;6;83;56083;Hennebont;15746;450;16196;8.0;135.0;7.0;9.0;1.0;12.0;1.0;3;173;0.49;8.34;0.43;0.56;0.06;0.74;0.06
53;Bretagne;56;1;12;162;56162;Ploemeur;18591;637;19228;9.0;186.0;9.0;11.0;3.0;12.0;1.0;4;231;0.47;9.67;0.47;0.57;0.16;0.62;0.05
53;Bretagne;56;2;15;178;56178;Pontivy;14774;856;15630;10.0;94.0;8.0;8.0;1.0;17.0;7.0;2;145;0.64;6.01;0.51;0.51;0.06;1.09;0.45
53;Bretagne;56;3;21;206;56206;Saint-Avé;11927;287;12214;5.0;62.0;6.0;6.0;1.0;3.0;0.0;4;83;0.41;5.08;0.49;0.49;0.08;0.25;0.0
44;Grand Est;57;9;18;19;57019;Amnéville;10828;80;10908;1.0;54.0;4.0;2.0;1.0;2.0;0.0;2;64;0.09;4.95;0.37;0.18;0.09;0.18;0.0
44;Grand Est;57;3;3;160;57160;Creutzwald;12514;190;12704;4.0;70.0;8.0;4.0;2.0;3.0;0.0;4;91;0.31;5.51;0.63;0.31;0.16;0.24;0.0
44;Grand Est;57;7;6;206;57206;Fameck;14798;167;14965;2.0;49.0;5.0;1.0;1.0;0.0;4.0;1;62;0.13;3.27;0.33;0.07;0.07;0.0;0.27
44;Grand Est;57;7;6;221;57221;Florange;11869;105;11974;0.0;45.0;5.0;1.0;1.0;1.0;7.0;1;60;0.0;3.76;0.42;0.08;0.08;0.08;0.58
44;Grand Est;57;3;9;240;57240;Freyming-Merlebach;13027;120;13147;5.0;83.0;10.0;7.0;0.0;8.0;0.0;2;113;0.38;6.31;0.76;0.53;0.0;0.61;0.0
44;Grand Est;57;7;10;306;57306;Hayange;15968;214;16182;6.0;99.0;7.0;3.0;1.0;3.0;2.0;1;121;0.37;6.12;0.43;0.19;0.06;0.19;0.12
44;Grand Est;57;9;24;433;57433;Maizières-lès-Metz;11792;98;11890;1.0;37.0;5.0;3.0;1.0;0.0;1.0;2;48;0.08;3.11;0.42;0.25;0.08;0.0;0.08
44;Grand Est;57;3;19;606;57606;Saint-Avold;15045;313;15358;16.0;169.0;12.0;5.0;1.0;9.0;3.0;2;215;1.04;11.0;0.78;0.33;0.07;0.59;0.2
44;Grand Est;57;5;21;630;57630;Sarrebourg;12359;302;12661;10.0;125.0;9.0;6.0;1.0;13.0;3.0;2;167;0.79;9.87;0.71;0.47;0.08;1.03;0.24
44;Grand Est;57;3;25;660;57660;Stiring-Wendel;11067;113;11180;3.0;64.0;5.0;4.0;1.0;2.0;0.0;2;79;0.27;5.72;0.45;0.36;0.09;0.18;0.0
44;Grand Est;57;9;24;751;57751;Woippy;14302;112;14414;0.0;84.0;7.0;3.0;1.0;2.0;5.0;1;102;0.0;5.83;0.49;0.21;0.07;0.14;0.35
44;Grand Est;57;7;27;757;57757;Yutz;17401;282;17683;3.0;119.0;8.0;6.0;3.0;4.0;3.0;2;146;0.17;6.73;0.45;0.34;0.17;0.23;0.17
32;Hauts-de-France;59;5;2;11;59011;Annœullin;10780;99;10879;0.0;65.0;6.0;3.0;2.0;2.0;0.0;2;78;0.0;5.97;0.55;0.28;0.18;0.18;0.0
32;Hauts-de-France;59;6;3;14;59014;Anzin;13422;82;13504;4.0;148.0;6.0;3.0;2.0;12.0;2.0;1;177;0.3;10.96;0.44;0.22;0.15;0.89;0.15
32;Hauts-de-France;59;4;8;43;59043;Bailleul;14869;229;15098;9.0;151.0;7.0;4.0;3.0;8.0;3.0;2;185;0.6;10.0;0.46;0.26;0.2;0.53;0.2
32;Hauts-de-France;59;6;3;112;59112;Bruay-sur-l'Escaut;11309;54;11363;2.0;43.0;5.0;1.0;1.0;3.0;0.0;1;55;0.18;3.78;0.44;0.09;0.09;0.26;0.0
32;Hauts-de-France;59;2;11;139;59139;Caudry;14070;150;14220;3.0;76.0;8.0;3.0;2.0;5.0;4.0;2;101;0.21;5.34;0.56;0.21;0.14;0.35;0.28
32;Hauts-de-France;59;5;22;152;59152;Comines;12671;80;12751;4.0;71.0;4.0;2.0;2.0;8.0;1.0;2;92;0.31;5.57;0.31;0.16;0.16;0.63;0.08
32;Hauts-de-France;59;6;14;179;59179;Douchy-les-Mines;10207;45;10252;0.0;43.0;5.0;1.0;1.0;1.0;0.0;2;51;0.0;4.19;0.49;0.1;0.1;0.1;0.0
32;Hauts-de-France;59;5;18;220;59220;Faches-Thumesnil;18110;117;18227;5.0;97.0;7.0;4.0;4.0;4.0;2.0;1;123;0.27;5.32;0.38;0.22;0.22;0.22;0.11
32;Hauts-de-France;59;1;19;249;59249;Fourmies;11456;176;11632;13.0;44.0;8.0;3.0;1.0;7.0;3.0;2;79;1.12;3.78;0.69;0.26;0.09;0.6;0.26
32;Hauts-de-France;59;4;20;273;59273;Gravelines;11223;170;11393;3.0;62.0;7.0;4.0;3.0;5.0;4.0;3;88;0.26;5.44;0.61;0.35;0.26;0.44;0.35
32;Hauts-de-France;59;5;18;286;59286;Haubourdin;14757;107;14864;4.0;94.0;8.0;5.0;2.0;5.0;2.0;1;120;0.27;6.32;0.54;0.34;0.13;0.34;0.13
32;Hauts-de-France;59;1;7;291;59291;Hautmont;14182;74;14256;5.0;69.0;8.0;2.0;2.0;3.0;2.0;2;91;0.35;4.84;0.56;0.14;0.14;0.21;0.14
32;Hauts-de-France;59;5;13;299;59299;Hem;18713;156;18869;2.0;176.0;11.0;3.0;7.0;1.0;0.0;1;200;0.11;9.33;0.58;0.16;0.37;0.05;0.0
32;Hauts-de-France;59;1;30;324;59324;Jeumont;10342;91;10433;4.0;44.0;5.0;2.0;1.0;3.0;0.0;2;59;0.38;4.22;0.48;0.19;0.1;0.29;0.0
32;Hauts-de-France;59;5;13;367;59367;Lys-lez-Lannoy;13793;136;13929;0.0;117.0;8.0;1.0;1.0;2.0;0.0;1;129;0.0;8.4;0.57;0.07;0.07;0.14;0.0
32;Hauts-de-France;59;6;29;383;59383;Marly;12024;122;12146;2.0;73.0;7.0;2.0;4.0;6.0;9.0;1;103;0.16;6.01;0.58;0.16;0.33;0.49;0.74
32;Hauts-de-France;59;5;23;386;59386;Marquette-lez-Lille;11213;64;11277;1.0;99.0;4.0;4.0;3.0;0.0;2.0;1;113;0.09;8.78;0.35;0.35;0.27;0.0;0.18
32;Hauts-de-France;59;5;24;421;59421;Mouvaux;13173;189;13362;1.0;77.0;5.0;3.0;4.0;6.0;1.0;1;97;0.07;5.76;0.37;0.22;0.3;0.45;0.07
32;Hauts-de-France;59;5;37;426;59426;Neuville-en-Ferrain;10160;68;10228;1.0;75.0;4.0;1.0;3.0;4.0;0.0;1;88;0.1;7.33;0.39;0.1;0.29;0.39;0.0
32;Hauts-de-France;59;6;34;491;59491;Raismes;12055;53;12108;1.0;51.0;7.0;2.0;2.0;1.0;2.0;1;66;0.08;4.21;0.58;0.17;0.17;0.08;0.17
32;Hauts-de-France;59;5;26;507;59507;Ronchin;19437;136;19573;0.0;112.0;12.0;2.0;4.0;6.0;2.0;1;138;0.0;5.72;0.61;0.1;0.2;0.31;0.1
32;Hauts-de-France;59;5;37;508;59508;Roncq;13784;113;13897;3.0;101.0;6.0;1.0;4.0;3.0;1.0;1;119;0.22;7.27;0.43;0.07;0.29;0.22;0.07
32;Hauts-de-France;59;6;34;526;59526;Saint-Amand-les-Eaux;15980;180;16160;11.0;151.0;12.0;6.0;5.0;5.0;0.0;2;190;0.68;9.34;0.74;0.37;0.31;0.31;0.0
32;Hauts-de-France;59;5;23;527;59527;Saint-André-lez-Lille;12942;111;13053;7.0;103.0;5.0;1.0;3.0;4.0;1.0;1;124;0.54;7.89;0.38;0.08;0.23;0.31;0.08
32;Hauts-de-France;59;6;39;544;59544;Saint-Saulve;11117;151;11268;4.0;96.0;5.0;5.0;3.0;3.0;0.0;1;116;0.35;8.52;0.44;0.44;0.27;0.27;0.0
32;Hauts-de-France;59;5;18;560;59560;Seclin;12834;94;12928;11.0;154.0;6.0;3.0;3.0;6.0;0.0;2;183;0.85;11.91;0.46;0.23;0.23;0.46;0.0
32;Hauts-de-France;59;3;35;569;59569;Sin-le-Noble;15603;102;15705;3.0;73.0;7.0;1.0;1.0;3.0;1.0;1;89;0.19;4.65;0.45;0.06;0.06;0.19;0.06
32;Hauts-de-France;59;3;35;574;59574;Somain;11790;91;11881;11.0;105.0;6.0;3.0;2.0;7.0;2.0;2;136;0.93;8.84;0.51;0.25;0.17;0.59;0.17
32;Hauts-de-France;59;6;29;616;59616;Vieux-Condé;10446;58;10504;1.0;49.0;4.0;3.0;2.0;5.0;0.0;4;64;0.1;4.66;0.38;0.29;0.19;0.48;0.0
32;Hauts-de-France;59;5;23;636;59636;Wambrechies;10798;114;10912;1.0;92.0;4.0;3.0;1.0;4.0;1.0;1;106;0.09;8.43;0.37;0.27;0.09;0.37;0.09
32;Hauts-de-France;59;5;18;648;59648;Wattignies;15531;204;15735;2.0;96.0;8.0;2.0;3.0;1.0;0.0;1;112;0.13;6.1;0.51;0.13;0.19;0.06;0.0
32;Hauts-de-France;60;4;3;141;60141;Chantilly;10652;237;10889;8.0;129.0;5.0;4.0;4.0;1.0;1.0;2;152;0.73;11.85;0.46;0.37;0.37;0.09;0.09
32;Hauts-de-France;60;2;5;157;60157;Clermont;10475;217;10692;11.0;69.0;6.0;2.0;1.0;8.0;1.0;2;98;1.03;6.45;0.56;0.19;0.09;0.75;0.09
32;Hauts-de-France;60;4;9;176;60176;Crépy-en-Valois;14217;277;14494;9.0;86.0;9.0;5.0;3.0;6.0;0.0;2;118;0.62;5.93;0.62;0.34;0.21;0.41;0.0
32;Hauts-de-France;60;1;12;395;60395;Méru;14320;190;14510;4.0;53.0;7.0;3.0;2.0;3.0;3.0;2;75;0.28;3.65;0.48;0.21;0.14;0.21;0.21
32;Hauts-de-France;60;4;13;414;60414;Montataire;13701;144;13845;4.0;41.0;6.0;1.0;3.0;0.0;5.0;1;60;0.29;2.96;0.43;0.07;0.22;0.0;0.36
32;Hauts-de-France;60;3;17;471;60471;Noyon;12987;228;13215;12.0;86.0;11.0;3.0;2.0;8.0;6.0;2;128;0.91;6.51;0.83;0.23;0.15;0.61;0.45
32;Hauts-de-France;60;4;18;509;60509;Pont-Sainte-Maxence;12291;130;12421;5.0;51.0;8.0;2.0;5.0;2.0;1.0;2;74;0.4;4.11;0.64;0.16;0.4;0.16;0.08
32;Hauts-de-France;60;4;20;612;60612;Senlis;15255;550;15805;14.0;149.0;10.0;5.0;6.0;3.0;2.0;2;189;0.89;9.43;0.63;0.32;0.38;0.19;0.13
28;Normandie;61;2;98;6;61006;Argentan;13291;368;13659;15.0;86.0;11.0;5.0;4.0;10.0;6.0;2;137;1.1;6.3;0.81;0.37;0.29;0.73;0.44
28;Normandie;61;2;99;169;61169;Flers;14482;339;14821;18.0;101.0;12.0;7.0;4.0;12.0;6.0;2;160;1.21;6.81;0.81;0.47;0.27;0.81;0.4
32;Hauts-de-France;62;2;5;48;62048;Auchel;10062;43;10105;8.0;59.0;6.0;2.0;1.0;1.0;0.0;2;77;0.79;5.84;0.59;0.2;0.1;0.1;0.0
32;Hauts-de-France;62;7;8;65;62065;Avion;17672;135;17807;6.0;67.0;9.0;3.0;1.0;0.0;3.0;1;89;0.34;3.76;0.51;0.17;0.06;0.0;0.17
32;Hauts-de-France;62;4;10;108;62108;Berck;13298;337;13635;7.0;134.0;10.0;7.0;5.0;22.0;5.0;2;190;0.51;9.83;0.73;0.51;0.37;1.61;0.37
32;Hauts-de-France;62;7;17;186;62186;Bully-les-Mines;12221;75;12296;8.0;51.0;6.0;4.0;1.0;5.0;3.0;2;78;0.65;4.15;0.49;0.33;0.08;0.41;0.24
32;Hauts-de-France;62;7;21;215;62215;Carvin;17852;96;17948;6.0;121.0;8.0;5.0;1.0;8.0;1.0;2;150;0.33;6.74;0.45;0.28;0.06;0.45;0.06
32;Hauts-de-France;62;7;21;250;62250;Courrières;10199;100;10299;1.0;72.0;4.0;3.0;1.0;5.0;0.0;1;86;0.1;6.99;0.39;0.29;0.1;0.49;0.0
32;Hauts-de-France;62;4;24;318;62318;Étaples;10930;127;11057;3.0;115.0;8.0;4.0;2.0;5.0;1.0;2;138;0.27;10.4;0.72;0.36;0.18;0.45;0.09
32;Hauts-de-France;62;7;26;413;62413;Harnes;12317;88;12405;2.0;64.0;10.0;3.0;0.0;1.0;0.0;1;80;0.16;5.16;0.81;0.24;0.0;0.08;0.0
32;Hauts-de-France;62;5;32;525;62525;Longuenesse;10568;467;11035;1.0;55.0;6.0;1.0;2.0;2.0;6.0;2;73;0.09;4.98;0.54;0.09;0.18;0.18;0.54
32;Hauts-de-France;62;6;34;548;62548;Marck;10494;133;10627;0.0;28.0;4.0;2.0;2.0;0.0;1.0;4;37;0.0;2.63;0.38;0.19;0.19;0.0;0.09
32;Hauts-de-France;62;7;8;570;62570;Méricourt;11431;49;11480;1.0;53.0;4.0;3.0;1.0;1.0;0.0;1;63;0.09;4.62;0.35;0.26;0.09;0.09;0.0
32;Hauts-de-France;62;2;35;617;62617;Nœux-les-Mines;11520;48;11568;3.0;71.0;8.0;4.0;1.0;4.0;0.0;2;91;0.26;6.14;0.69;0.35;0.09;0.35;0.0
32;Hauts-de-France;62;7;27;637;62637;Oignies;10210;45;10255;5.0;64.0;5.0;2.0;1.0;1.0;1.0;2;79;0.49;6.24;0.49;0.2;0.1;0.1;0.1
32;Hauts-de-France;62;3;36;643;62643;Outreau;13270;145;13415;2.0;73.0;6.0;4.0;1.0;8.0;0.0;1;94;0.15;5.44;0.45;0.3;0.07;0.6;0.0
32;Hauts-de-France;62;3;14;758;62758;Saint-Martin-Boulogne;10999;154;11153;5.0;169.0;7.0;4.0;2.0;3.0;1.0;1;191;0.45;15.15;0.63;0.36;0.18;0.27;0.09
32;Hauts-de-France;62;5;37;765;62765;Saint-Omer;14661;602;15263;14.0;142.0;10.0;13.0;1.0;13.0;7.0;2;200;0.92;9.3;0.66;0.85;0.07;0.85;0.46
84;Auvergne-Rhône-Alpes;63;2;3;14;63014;Aubière;10211;156;10367;0.0;73.0;6.0;3.0;3.0;3.0;0.0;1;88;0.0;7.04;0.58;0.29;0.29;0.29;0.0
84;Auvergne-Rhône-Alpes;63;2;4;32;63032;Beaumont;10650;197;10847;5.0;128.0;8.0;4.0;3.0;2.0;0.0;1;150;0.46;11.8;0.74;0.37;0.28;0.18;0.0
84;Auvergne-Rhône-Alpes;63;2;8;75;63075;Chamalières;17454;523;17977;5.0;183.0;13.0;6.0;9.0;5.0;3.0;1;224;0.28;10.18;0.72;0.33;0.5;0.28;0.17
84;Auvergne-Rhône-Alpes;63;2;17;164;63164;Gerzat;10258;97;10355;1.0;46.0;6.0;3.0;1.0;2.0;0.0;2;59;0.1;4.44;0.58;0.29;0.1;0.19;0.0
84;Auvergne-Rhône-Alpes;63;3;18;178;63178;Issoire;15014;375;15389;10.0;202.0;12.0;7.0;2.0;9.0;2.0;2;244;0.65;13.13;0.78;0.45;0.13;0.58;0.13
84;Auvergne-Rhône-Alpes;63;2;24;284;63284;Pont-du-Château;12459;327;12786;1.0;74.0;6.0;5.0;1.0;1.0;0.0;2;88;0.08;5.79;0.47;0.39;0.08;0.08;0.0
84;Auvergne-Rhône-Alpes;63;4;25;300;63300;Riom;18736;759;19495;7.0;173.0;10.0;5.0;2.0;12.0;1.0;2;210;0.36;8.87;0.51;0.26;0.1;0.62;0.05
84;Auvergne-Rhône-Alpes;63;5;30;430;63430;Thiers;11633;364;11997;10.0;66.0;8.0;4.0;1.0;4.0;2.0;3;95;0.83;5.5;0.67;0.33;0.08;0.33;0.17
75;Nouvelle-Aquitaine;64;3;8;129;64129;Billère;13866;214;14080;2.0;129.0;8.0;5.0;3.0;1.0;1.0;1;149;0.14;9.16;0.57;0.36;0.21;0.07;0.07
75;Nouvelle-Aquitaine;64;1;10;260;64260;Hendaye;17796;458;18254;5.0;178.0;8.0;4.0;3.0;7.0;1.0;1;206;0.27;9.75;0.44;0.22;0.16;0.38;0.05
75;Nouvelle-Aquitaine;64;3;11;348;64348;Lons;13915;273;14188;1.0;58.0;6.0;3.0;2.0;5.0;3.0;1;78;0.07;4.09;0.42;0.21;0.14;0.35;0.21
75;Nouvelle-Aquitaine;64;2;98;422;64422;Oloron-Sainte-Marie;10616;657;11273;9.0;166.0;11.0;8.0;3.0;10.0;2.0;3;209;0.8;14.73;0.98;0.71;0.27;0.89;0.18
75;Nouvelle-Aquitaine;64;3;16;430;64430;Orthez;10684;638;11322;11.0;119.0;8.0;6.0;1.0;10.0;3.0;3;158;0.97;10.51;0.71;0.53;0.09;0.88;0.26
75;Nouvelle-Aquitaine;64;1;24;483;64483;Saint-Jean-de-Luz;14601;406;15007;11.0;317.0;11.0;5.0;2.0;6.0;0.0;2;352;0.73;21.12;0.73;0.33;0.13;0.4;0.0
75;Nouvelle-Aquitaine;64;1;10;545;64545;Urrugne;10543;161;10704;0.0;84.0;5.0;2.0;3.0;3.0;2.0;4;99;0.0;7.85;0.47;0.19;0.28;0.28;0.19
76;Occitanie;65;1;98;286;65286;Lourdes;13509;295;13804;7.0;147.0;16.0;8.0;3.0;12.0;4.0;2;197;0.51;10.65;1.16;0.58;0.22;0.87;0.29
76;Occitanie;66;1;5;8;66008;Argelès-sur-Mer;10792;296;11088;3.0;156.0;7.0;4.0;1.0;5.0;0.0;2;176;0.27;14.07;0.63;0.36;0.09;0.45;0.0
76;Occitanie;66;2;8;28;66028;Cabestany;10338;216;10554;12.0;233.0;7.0;6.0;2.0;6.0;2.0;1;268;1.14;22.08;0.66;0.57;0.19;0.57;0.19
76;Occitanie;66;2;3;37;66037;Canet-en-Roussillon;12598;264;12862;1.0;132.0;7.0;3.0;2.0;4.0;0.0;3;149;0.08;10.26;0.54;0.23;0.16;0.31;0.0
76;Occitanie;66;2;4;141;66141;Pia;10733;97;10830;0.0;48.0;2.0;3.0;1.0;1.0;0.0;2;55;0.0;4.43;0.18;0.28;0.09;0.09;0.0
76;Occitanie;66;1;3;171;66171;Saint-Cyprien;11398;145;11543;0.0;90.0;7.0;5.0;1.0;2.0;0.0;4;105;0.0;7.8;0.61;0.43;0.09;0.17;0.0
76;Occitanie;66;2;14;172;66172;Saint-Estève;11550;157;11707;2.0;120.0;6.0;3.0;1.0;7.0;0.0;1;139;0.17;10.25;0.51;0.26;0.09;0.6;0.0
76;Occitanie;66;2;4;180;66180;Saint-Laurent-de-la-Salanque;10010;125;10135;1.0;94.0;8.0;2.0;1.0;1.0;0.0;2;107;0.1;9.27;0.79;0.2;0.1;0.1;0.0
44;Grand Est;67;8;15;43;67043;Bischheim;17939;223;18162;2.0;98.0;10.0;4.0;6.0;2.0;3.0;1;125;0.11;5.4;0.55;0.22;0.33;0.11;0.17
44;Grand Est;67;2;1;46;67046;Bischwiller;12435;135;12570;6.0;85.0;14.0;8.0;2.0;17.0;0.0;2;132;0.48;6.76;1.11;0.64;0.16;1.35;0.0
44;Grand Est;67;2;3;67;67067;Brumath;10238;104;10342;5.0;89.0;4.0;3.0;1.0;4.0;1.0;2;107;0.48;8.61;0.39;0.29;0.1;0.39;0.1
44;Grand Est;67;5;4;130;67130;Erstein;10887;114;11001;4.0;98.0;5.0;3.0;1.0;6.0;1.0;2;118;0.36;8.91;0.45;0.27;0.09;0.55;0.09
44;Grand Est;67;8;6;204;67204;Hœnheim;11469;83;11552;0.0;60.0;5.0;2.0;3.0;2.0;1.0;1;73;0.0;5.19;0.43;0.17;0.26;0.17;0.09
44;Grand Est;67;5;12;348;67348;Obernai;12216;467;12683;3.0;144.0;12.0;6.0;2.0;3.0;1.0;2;171;0.24;11.35;0.95;0.47;0.16;0.24;0.08
44;Grand Est;67;8;7;365;67365;Ostwald;13310;146;13456;1.0;77.0;6.0;1.0;3.0;1.0;1.0;1;90;0.07;5.72;0.45;0.07;0.22;0.07;0.07
44;Grand Est;67;4;14;437;67437;Saverne;11390;272;11662;14.0;146.0;5.0;7.0;3.0;13.0;4.0;2;192;1.2;12.52;0.43;0.6;0.26;1.11;0.34
44;Grand Est;67;5;16;462;67462;Sélestat;19300;251;19551;9.0;212.0;9.0;10.0;2.0;16.0;3.0;2;261;0.46;10.84;0.46;0.51;0.1;0.82;0.15
44;Grand Est;68;6;3;63;68063;Cernay;11745;207;11952;5.0;88.0;6.0;3.0;1.0;13.0;3.0;2;119;0.42;7.36;0.5;0.25;0.08;1.09;0.25
44;Grand Est;68;6;7;112;68112;Guebwiller;11137;290;11427;6.0;76.0;6.0;5.0;1.0;7.0;5.0;2;106;0.53;6.65;0.53;0.44;0.09;0.61;0.44
44;Grand Est;68;4;12;154;68154;Illzach;14829;221;15050;0.0;78.0;5.0;2.0;2.0;7.0;2.0;1;96;0.0;5.18;0.33;0.13;0.13;0.47;0.13
44;Grand Est;68;4;8;166;68166;Kingersheim;13178;179;13357;1.0;57.0;4.0;3.0;1.0;0.0;0.0;1;66;0.07;4.27;0.3;0.22;0.07;0.0;0.0
44;Grand Est;68;4;8;256;68256;Pfastatt;10237;133;10370;3.0;36.0;4.0;3.0;1.0;6.0;0.0;1;53;0.29;3.47;0.39;0.29;0.1;0.58;0.0
44;Grand Est;68;4;13;271;68271;Riedisheim;12163;283;12446;0.0;91.0;4.0;3.0;1.0;0.0;3.0;1;102;0.0;7.31;0.32;0.24;0.08;0.0;0.24
44;Grand Est;68;4;13;278;68278;Rixheim;13795;222;14017;0.0;83.0;5.0;4.0;3.0;2.0;0.0;1;97;0.0;5.92;0.36;0.29;0.21;0.14;0.0
44;Grand Est;68;4;17;375;68375;Wittelsheim;10334;131;10465;3.0;32.0;3.0;2.0;1.0;2.0;0.0;4;43;0.29;3.06;0.29;0.19;0.1;0.19;0.0
44;Grand Est;68;4;17;376;68376;Wittenheim;15262;134;15396;2.0;60.0;5.0;2.0;2.0;3.0;0.0;1;74;0.13;3.9;0.32;0.13;0.13;0.19;0.0
84;Auvergne-Rhône-Alpes;69;2;3;19;69019;Belleville-en-Beaujolais;13542;277;13819;4.0;140.0;8.0;4.0;2.0;7.0;3.0;2;168;0.29;10.13;0.58;0.29;0.14;0.51;0.22
84;Auvergne-Rhône-Alpes;69;1;5;27;69027;Brignais;12388;194;12582;0.0;114.0;8.0;8.0;3.0;7.0;1.0;2;141;0.0;9.06;0.64;0.64;0.24;0.56;0.08
84;Auvergne-Rhône-Alpes;69;1;0;69;69069;Craponne;11903;205;12108;0.0;149.0;6.0;5.0;3.0;5.0;0.0;1;168;0.0;12.31;0.5;0.41;0.25;0.41;0.0
84;Auvergne-Rhône-Alpes;69;1;0;81;69081;Écully;18361;326;18687;5.0;269.0;10.0;9.0;7.0;6.0;7.0;1;313;0.27;14.4;0.54;0.48;0.37;0.32;0.37
84;Auvergne-Rhône-Alpes;69;1;0;89;69089;Francheville;15204;210;15414;4.0;98.0;6.0;8.0;4.0;5.0;3.0;1;128;0.26;6.36;0.39;0.52;0.26;0.32;0.19
84;Auvergne-Rhône-Alpes;69;1;0;152;69152;Pierre-Bénite;10515;49;10564;10.0;54.0;8.0;2.0;7.0;0.0;2.0;0;83;0.95;5.11;0.76;0.19;0.66;0.0;0.19
84;Auvergne-Rhône-Alpes;69;1;0;199;69199;Saint-Fons;19360;55;19415;2.0;74.0;10.0;8.0;5.0;3.0;2.0;1;104;0.1;3.81;0.52;0.41;0.26;0.15;0.1
84;Auvergne-Rhône-Alpes;69;2;10;243;69243;Tarare;10428;249;10677;9.0;88.0;8.0;10.0;3.0;8.0;1.0;2;127;0.84;8.24;0.75;0.94;0.28;0.75;0.09
84;Auvergne-Rhône-Alpes;69;1;0;271;69271;Chassieu;11092;152;11244;2.0;44.0;6.0;1.0;1.0;0.0;0.0;1;54;0.18;3.91;0.53;0.09;0.09;0.0;0.0
84;Auvergne-Rhône-Alpes;69;1;0;273;69273;Corbas;10932;79;11011;1.0;77.0;4.0;2.0;2.0;1.0;0.0;1;87;0.09;6.99;0.36;0.18;0.18;0.09;0.0
84;Auvergne-Rhône-Alpes;69;1;6;277;69277;Genas;13483;261;13744;0.0;85.0;7.0;3.0;4.0;2.0;0.0;4;101;0.0;6.18;0.51;0.22;0.29;0.15;0.0
84;Auvergne-Rhône-Alpes;69;1;0;283;69283;Mions;13707;150;13857;1.0;75.0;6.0;3.0;2.0;1.0;0.0;2;88;0.07;5.41;0.43;0.22;0.14;0.07;0.0
27;Bourgogne-Franche-Comté;70;1;97;285;70285;Héricourt;10478;297;10775;5.0;60.0;6.0;5.0;1.0;7.0;0.0;2;84;0.46;5.57;0.56;0.46;0.09;0.65;0.0
27;Bourgogne-Franche-Comté;70;2;99;550;70550;Vesoul;15130;762;15892;18.0;144.0;14.0;8.0;4.0;22.0;15.0;2;225;1.13;9.06;0.88;0.5;0.25;1.38;0.94
27;Bourgogne-Franche-Comté;71;1;96;14;71014;Autun;13145;991;14136;13.0;102.0;12.0;12.0;1.0;12.0;5.0;2;157;0.92;7.22;0.85;0.85;0.07;0.85;0.35
27;Bourgogne-Franche-Comté;71;1;23;306;71306;Montceau-les-Mines;16831;262;17093;11.0;118.0;15.0;12.0;2.0;11.0;4.0;2;173;0.64;6.9;0.88;0.7;0.12;0.64;0.23
52;Pays de la Loire;72;3;16;3;72003;Allonnes;11013;113;11126;3.0;30.0;5.0;2.0;1.0;11.0;3.0;2;55;0.27;2.7;0.45;0.18;0.09;0.99;0.27
52;Pays de la Loire;72;1;6;154;72154;La Flèche;14937;1070;16007;2.0;77.0;7.0;9.0;2.0;14.0;6.0;3;117;0.12;4.81;0.44;0.56;0.12;0.87;0.37
52;Pays de la Loire;72;1;17;264;72264;Sablé-sur-Sarthe;12096;468;12564;4.0;73.0;7.0;7.0;2.0;11.0;3.0;2;107;0.32;5.81;0.56;0.56;0.16;0.88;0.24
84;Auvergne-Rhône-Alpes;73;1;98;11;73011;Albertville;19812;573;20385;11.0;191.0;11.0;13.0;4.0;18.0;8.0;2;256;0.54;9.37;0.54;0.64;0.2;0.88;0.39
84;Auvergne-Rhône-Alpes;73;2;12;179;73179;La Motte-Servolex;12299;642;12941;1.0;102.0;7.0;3.0;2.0;2.0;2.0;1;119;0.08;7.88;0.54;0.23;0.15;0.15;0.15
84;Auvergne-Rhône-Alpes;74;2;5;42;74042;Bonneville;12895;431;13326;4.0;77.0;5.0;1.0;2.0;3.0;4.0;2;96;0.3;5.78;0.38;0.08;0.15;0.23;0.3
84;Auvergne-Rhône-Alpes;74;2;6;81;74081;Cluses;17164;361;17525;6.0;117.0;10.0;4.0;3.0;11.0;12.0;2;163;0.34;6.68;0.57;0.23;0.17;0.63;0.68
84;Auvergne-Rhône-Alpes;74;3;9;133;74133;Gaillard;10175;110;10285;1.0;39.0;6.0;3.0;2.0;2.0;0.0;1;53;0.1;3.79;0.58;0.29;0.19;0.19;0.0
84;Auvergne-Rhône-Alpes;74;2;10;208;74208;Passy;11068;420;11488;3.0;60.0;4.0;2.0;4.0;3.0;2.0;4;78;0.26;5.22;0.35;0.17;0.35;0.26;0.17
84;Auvergne-Rhône-Alpes;74;2;11;224;74224;La Roche-sur-Foron;11263;376;11639;7.0;73.0;4.0;3.0;2.0;6.0;4.0;2;99;0.6;6.27;0.34;0.26;0.17;0.52;0.34
84;Auvergne-Rhône-Alpes;74;1;12;225;74225;Rumilly;15998;462;16460;7.0;104.0;9.0;5.0;3.0;2.0;4.0;2;134;0.43;6.32;0.55;0.3;0.18;0.12;0.24
84;Auvergne-Rhône-Alpes;74;3;13;243;74243;Saint-Julien-en-Genevois;15840;211;16051;7.0;102.0;6.0;2.0;3.0;1.0;4.0;1;125;0.44;6.35;0.37;0.12;0.19;0.06;0.25
84;Auvergne-Rhône-Alpes;74;2;14;256;74256;Sallanches;17133;467;17600;15.0;195.0;9.0;5.0;3.0;9.0;3.0;2;239;0.85;11.08;0.51;0.28;0.17;0.51;0.17
11;Île-de-France;75;1;  ;101;75101;Paris 1er Arrondissement;15919;111;16030;8.0;312.0;19.0;3.0;5.0;2.0;7.0;0;356;0.5;19.46;1.19;0.19;0.31;0.12;0.44
28;Normandie;76;3;1;57;76057;Barentin;12154;238;12392;3.0;70.0;9.0;4.0;3.0;3.0;1.0;4;93;0.24;5.65;0.73;0.32;0.24;0.24;0.08
28;Normandie;76;3;2;108;76108;Bois-Guillaume;14262;361;14623;17.0;160.0;11.0;6.0;5.0;9.0;1.0;1;209;1.16;10.94;0.75;0.41;0.34;0.62;0.07
28;Normandie;76;2;3;114;76114;Bolbec;11635;147;11782;3.0;63.0;5.0;6.0;2.0;9.0;7.0;2;95;0.25;5.35;0.42;0.51;0.17;0.76;0.59
28;Normandie;76;3;4;157;76157;Canteleu;13966;360;14326;2.0;52.0;9.0;3.0;5.0;16.0;6.0;1;93;0.14;3.63;0.63;0.21;0.35;1.12;0.42
28;Normandie;76;3;5;165;76165;Caudebec-lès-Elbeuf;10135;69;10204;1.0;22.0;4.0;2.0;1.0;1.0;2.0;2;33;0.1;2.16;0.39;0.2;0.1;0.1;0.2
28;Normandie;76;3;22;216;76216;Déville-lès-Rouen;10745;62;10807;0.0;39.0;7.0;3.0;1.0;0.0;1.0;1;51;0.0;3.61;0.65;0.28;0.09;0.0;0.09
28;Normandie;76;3;9;231;76231;Elbeuf;15951;138;16089;15.0;73.0;10.0;10.0;3.0;7.0;7.0;2;125;0.93;4.54;0.62;0.62;0.19;0.44;0.44
28;Normandie;76;2;11;259;76259;Fécamp;18016;269;18285;15.0;125.0;10.0;12.0;3.0;10.0;10.0;2;185;0.82;6.84;0.55;0.66;0.16;0.55;0.55
28;Normandie;76;3;4;410;76410;Maromme;11024;122;11146;3.0;64.0;4.0;5.0;2.0;3.0;2.0;1;83;0.27;5.74;0.36;0.45;0.18;0.27;0.18
28;Normandie;76;2;15;447;76447;Montivilliers;15457;203;15660;10.0;75.0;10.0;6.0;1.0;5.0;1.0;2;108;0.64;4.79;0.64;0.38;0.06;0.32;0.06
28;Normandie;76;2;25;476;76476;Port-Jérôme-sur-Seine;10387;172;10559;2.0;32.0;4.0;6.0;1.0;1.0;2.0;4;48;0.19;3.03;0.38;0.57;0.09;0.09;0.19
28;Normandie;76;3;31;484;76484;Oissel;12367;83;12450;4.0;38.0;5.0;2.0;1.0;2.0;3.0;2;55;0.32;3.05;0.4;0.16;0.08;0.16;0.24
28;Normandie;76;3;35;758;76758;Yvetot;11385;208;11593;10.0;129.0;10.0;9.0;1.0;12.0;4.0;2;175;0.86;11.13;0.86;0.78;0.09;1.04;0.35
11;Île-de-France;77;4;7;14;77014;Avon;13660;234;13894;2.0;81.0;6.0;4.0;3.0;3.0;0.0;2;99;0.14;5.83;0.43;0.29;0.22;0.22;0.0
11;Île-de-France;77;5;4;53;77053;Brie-Comte-Robert;19213;265;19478;5.0;82.0;11.0;4.0;3.0;7.0;0.0;2;112;0.26;4.21;0.56;0.21;0.15;0.36;0.0
11;Île-de-France;77;2;20;67;77067;Cesson;11140;110;11250;1.0;39.0;5.0;2.0;3.0;4.0;3.0;2;57;0.09;3.47;0.44;0.18;0.27;0.36;0.27
11;Île-de-France;77;1;3;118;77118;Claye-Souilly;12282;90;12372;3.0;63.0;4.0;3.0;2.0;11.0;0.0;2;86;0.24;5.09;0.32;0.24;0.16;0.89;0.0
11;Île-de-France;77;1;5;131;77131;Coulommiers;15250;205;15455;15.0;106.0;10.0;3.0;3.0;14.0;2.0;2;153;0.97;6.86;0.65;0.19;0.19;0.91;0.13
11;Île-de-France;77;1;12;153;77153;Dammartin-en-Goële;11272;91;11363;1.0;52.0;4.0;4.0;1.0;2.0;0.0;2;64;0.09;4.58;0.35;0.35;0.09;0.18;0.0
11;Île-de-France;77;4;7;186;77186;Fontainebleau;15945;495;16440;7.0;244.0;10.0;5.0;4.0;6.0;2.0;2;278;0.43;14.84;0.61;0.3;0.24;0.36;0.12
11;Île-de-France;77;2;4;251;77251;Lieusaint;13808;81;13889;0.0;101.0;8.0;3.0;2.0;2.0;1.0;2;117;0.0;7.27;0.58;0.22;0.14;0.14;0.07
11;Île-de-France;77;5;1;258;77258;Lognes;14650;48;14698;1.0;45.0;6.0;1.0;6.0;2.0;2.0;1;63;0.07;3.06;0.41;0.07;0.41;0.14;0.14
11;Île-de-France;77;2;4;296;77296;Moissy-Cramayel;18248;142;18390;1.0;45.0;8.0;1.0;2.0;3.0;1.0;2;61;0.05;2.45;0.44;0.05;0.11;0.16;0.05
11;Île-de-France;77;5;9;307;77307;Montévrain;13934;90;14024;2.0;77.0;3.0;0.0;4.0;0.0;4.0;1;90;0.14;5.49;0.21;0.0;0.29;0.0;0.29
11;Île-de-France;77;4;13;316;77316;Moret-Loing-et-Orvanne;12581;317;12898;1.0;77.0;6.0;8.0;4.0;4.0;1.0;2;101;0.08;5.97;0.47;0.62;0.31;0.31;0.08
11;Île-de-France;77;4;15;333;77333;Nemours;13189;149;13338;10.0;83.0;11.0;6.0;0.0;8.0;1.0;2;119;0.75;6.22;0.82;0.45;0.0;0.6;0.07
11;Île-de-France;77;5;1;337;77337;Noisiel;15461;97;15558;2.0;54.0;7.0;2.0;4.0;6.0;2.0;1;77;0.13;3.47;0.45;0.13;0.26;0.39;0.13
11;Île-de-France;77;3;18;379;77379;Provins;11958;310;12268;10.0;99.0;11.0;6.0;4.0;8.0;2.0;2;140;0.82;8.07;0.9;0.49;0.33;0.65;0.16
11;Île-de-France;77;2;19;407;77407;Saint-Fargeau-Ponthierry;14516;105;14621;3.0;62.0;6.0;5.0;4.0;2.0;0.0;3;82;0.21;4.24;0.41;0.34;0.27;0.14;0.0
11;Île-de-France;77;5;9;464;77464;Thorigny-sur-Marne;10405;105;10510;0.0;43.0;3.0;0.0;1.0;0.0;0.0;1;47;0.0;4.09;0.29;0.0;0.1;0.0;0.0
11;Île-de-France;77;5;23;479;77479;Vaires-sur-Marne;13518;118;13636;0.0;29.0;5.0;2.0;3.0;2.0;0.0;1;41;0.0;2.13;0.37;0.15;0.22;0.15;0.0
11;Île-de-France;77;2;11;487;77487;Vaux-le-Pénil;11174;152;11326;1.0;34.0;5.0;1.0;4.0;5.0;1.0;1;51;0.09;3.0;0.44;0.09;0.35;0.44;0.09
11;Île-de-France;78;3;5;15;78015;Andrésy;13230;142;13372;0.0;63.0;4.0;2.0;1.0;3.0;0.0;1;73;0.0;4.71;0.3;0.15;0.07;0.22;0.0
11;Île-de-France;78;1;1;29;78029;Aubergenville;12317;81;12398;6.0;61.0;6.0;2.0;2.0;2.0;1.0;2;80;0.48;4.92;0.48;0.16;0.16;0.16;0.08
11;Île-de-France;78;4;15;73;78073;Bois-d'Arcy;15435;147;15582;1.0;82.0;5.0;1.0;5.0;1.0;2.0;1;97;0.06;5.26;0.32;0.06;0.32;0.06;0.13
11;Île-de-France;78;3;13;123;78123;Carrières-sous-Poissy;18316;115;18431;1.0;50.0;5.0;3.0;6.0;3.0;6.0;1;74;0.05;2.71;0.27;0.16;0.33;0.16;0.33
11;Île-de-France;78;3;6;124;78124;Carrières-sur-Seine;15038;218;15256;0.0;43.0;7.0;1.0;4.0;5.0;0.0;1;60;0.0;2.82;0.46;0.07;0.26;0.33;0.0
11;Île-de-France;78;3;5;138;78138;Chanteloup-les-Vignes;10735;67;10802;1.0;16.0;4.0;3.0;3.0;4.0;0.0;1;31;0.09;1.48;0.37;0.28;0.28;0.37;0.0
11;Île-de-France;78;4;12;165;78165;Les Clayes-sous-Bois;17237;221;17458;0.0;55.0;8.0;1.0;3.0;4.0;0.0;1;71;0.0;3.15;0.46;0.06;0.17;0.23;0.0
11;Île-de-France;78;3;3;190;78190;Croissy-sur-Seine;10399;264;10663;0.0;66.0;4.0;3.0;2.0;3.0;0.0;1;78;0.0;6.19;0.38;0.28;0.19;0.28;0.0
11;Île-de-France;78;4;15;242;78242;Fontenay-le-Fleury;13455;164;13619;0.0;58.0;6.0;2.0;3.0;6.0;3.0;1;78;0.0;4.26;0.44;0.15;0.22;0.44;0.22
11;Île-de-France;78;1;7;335;78335;Limay;17626;92;17718;0.0;36.0;6.0;3.0;4.0;5.0;2.0;1;56;0.0;2.03;0.34;0.17;0.23;0.28;0.11
11;Île-de-France;78;3;3;372;78372;Marly-le-Roi;16531;479;17010;2.0;118.0;6.0;5.0;5.0;6.0;0.0;1;142;0.12;6.94;0.35;0.29;0.29;0.35;0.0
11;Île-de-France;78;2;9;383;78383;Maurepas;18611;200;18811;3.0;104.0;9.0;3.0;5.0;1.0;3.0;1;128;0.16;5.53;0.48;0.16;0.27;0.05;0.16
11;Île-de-France;78;3;6;418;78418;Montesson;14511;229;14740;2.0;81.0;6.0;4.0;4.0;4.0;0.0;1;101;0.14;5.5;0.41;0.27;0.27;0.27;0.0
11;Île-de-France;78;3;16;481;78481;Le Pecq;15832;289;16121;0.0;60.0;5.0;4.0;6.0;2.0;1.0;1;78;0.0;3.72;0.31;0.25;0.37;0.12;0.06
11;Île-de-France;78;3;19;624;78624;Triel-sur-Seine;12388;185;12573;1.0;47.0;5.0;4.0;2.0;3.0;0.0;1;62;0.08;3.74;0.4;0.32;0.16;0.24;0.0
11;Île-de-France;78;3;19;642;78642;Verneuil-sur-Seine;15914;319;16233;2.0;84.0;4.0;3.0;3.0;1.0;2.0;1;99;0.12;5.17;0.25;0.18;0.18;0.06;0.12
11;Île-de-France;78;3;19;643;78643;Vernouillet;10025;189;10214;0.0;32.0;5.0;3.0;2.0;2.0;1.0;1;45;0.0;3.13;0.49;0.29;0.2;0.2;0.1
11;Île-de-France;78;3;3;650;78650;Le Vésinet;15646;471;16117;4.0;160.0;9.0;8.0;7.0;5.0;1.0;1;194;0.25;9.93;0.56;0.5;0.43;0.31;0.06
11;Île-de-France;78;4;15;674;78674;Villepreux;11150;166;11316;0.0;68.0;4.0;2.0;3.0;6.0;2.0;1;85;0.0;6.01;0.35;0.18;0.27;0.53;0.18
11;Île-de-France;78;4;21;686;78686;Viroflay;16960;362;17322;2.0;77.0;5.0;4.0;7.0;4.0;2.0;1;101;0.12;4.45;0.29;0.23;0.4;0.23;0.12
11;Île-de-France;78;2;9;688;78688;Voisins-le-Bretonneux;10721;380;11101;0.0;75.0;7.0;2.0;2.0;9.0;4.0;1;99;0.0;6.76;0.63;0.18;0.18;0.81;0.36
75;Nouvelle-Aquitaine;79;1;2;49;79049;Bressuire;19906;931;20837;5.0;90.0;12.0;6.0;2.0;12.0;2.0;5;129;0.24;4.32;0.58;0.29;0.1;0.58;0.1
75;Nouvelle-Aquitaine;79;3;13;202;79202;Parthenay;10058;377;10435;7.0;83.0;8.0;4.0;2.0;4.0;3.0;3;111;0.67;7.95;0.77;0.38;0.19;0.38;0.29
75;Nouvelle-Aquitaine;79;1;16;329;79329;Thouars;14000;292;14292;11.0;85.0;10.0;4.0;4.0;6.0;3.0;3;123;0.77;5.95;0.7;0.28;0.28;0.42;0.21
76;Occitanie;81;1;11;99;81099;Gaillac;15663;345;16008;10.0;145.0;8.0;7.0;2.0;9.0;2.0;2;183;0.62;9.06;0.5;0.44;0.12;0.56;0.12
76;Occitanie;81;2;12;105;81105;Graulhet;13166;222;13388;9.0;60.0;6.0;5.0;2.0;4.0;2.0;3;88;0.67;4.48;0.45;0.37;0.15;0.3;0.15
76;Occitanie;81;2;15;140;81140;Lavaur;10830;384;11214;13.0;145.0;6.0;8.0;3.0;18.0;1.0;3;194;1.16;12.93;0.54;0.71;0.27;1.61;0.09
76;Occitanie;81;2;99;163;81163;Mazamet;10064;407;10471;8.0;129.0;7.0;8.0;2.0;3.0;6.0;2;163;0.76;12.32;0.67;0.76;0.19;0.29;0.57
76;Occitanie;82;1;3;33;82033;Castelsarrasin;14178;256;14434;6.0;81.0;8.0;5.0;3.0;9.0;1.0;3;113;0.42;5.61;0.55;0.35;0.21;0.62;0.07
76;Occitanie;82;1;5;112;82112;Moissac;13748;307;14055;8.0;94.0;8.0;6.0;2.0;6.0;9.0;3;133;0.57;6.69;0.57;0.43;0.14;0.43;0.64
93;Provence-Alpes-Côte d'Azur;83;2;12;16;83016;Le Beausset;10007;181;10188;1.0;106.0;7.0;3.0;1.0;1.0;1.0;3;120;0.1;10.4;0.69;0.29;0.1;0.1;0.1
93;Provence-Alpes-Côte d'Azur;83;3;1;23;83023;Brignoles;17664;329;17993;15.0;168.0;10.0;6.0;5.0;9.0;8.0;2;221;0.83;9.34;0.56;0.33;0.28;0.5;0.44
93;Provence-Alpes-Côte d'Azur;83;1;15;42;83042;Cogolin;11762;191;11953;4.0;80.0;7.0;2.0;3.0;3.0;1.0;2;100;0.33;6.69;0.59;0.17;0.25;0.25;0.08
93;Provence-Alpes-Côte d'Azur;83;2;2;47;83047;La Crau;19179;411;19590;1.0;151.0;8.0;4.0;4.0;5.0;1.0;2;174;0.05;7.71;0.41;0.2;0.2;0.26;0.05
93;Provence-Alpes-Côte d'Azur;83;2;18;49;83049;Cuers;12550;138;12688;2.0;76.0;6.0;5.0;2.0;7.0;1.0;2;99;0.16;5.99;0.47;0.39;0.16;0.55;0.08
93;Provence-Alpes-Côte d'Azur;83;2;2;71;83071;La Londe-les-Maures;11442;135;11577;0.0;105.0;5.0;4.0;3.0;2.0;0.0;3;119;0.0;9.07;0.43;0.35;0.26;0.17;0.0
93;Provence-Alpes-Côte d'Azur;83;3;9;73;83073;Le Luc;11053;109;11162;3.0;42.0;5.0;6.0;2.0;7.0;0.0;3;65;0.27;3.76;0.45;0.54;0.18;0.63;0.0
93;Provence-Alpes-Côte d'Azur;83;2;10;90;83090;Ollioules;14011;267;14278;7.0;257.0;7.0;7.0;3.0;2.0;1.0;4;284;0.49;18.0;0.49;0.49;0.21;0.14;0.07
93;Provence-Alpes-Côte d'Azur;83;2;6;98;83098;Le Pradet;10728;179;10907;0.0;130.0;7.0;4.0;1.0;2.0;2.0;1;146;0.0;11.92;0.64;0.37;0.09;0.18;0.18
93;Provence-Alpes-Côte d'Azur;83;1;11;107;83107;Roquebrune-sur-Argens;14448;224;14672;0.0;106.0;7.0;3.0;4.0;0.0;0.0;5;120;0.0;7.22;0.48;0.2;0.27;0.0;0.0
93;Provence-Alpes-Côte d'Azur;83;2;12;112;83112;Saint-Cyr-sur-Mer;12103;241;12344;0.0;239.0;7.0;7.0;1.0;2.0;1.0;2;257;0.0;19.36;0.57;0.57;0.08;0.16;0.08
93;Provence-Alpes-Côte d'Azur;83;1;15;115;83115;Sainte-Maxime;14433;182;14615;0.0;130.0;10.0;4.0;2.0;0.0;3.0;2;149;0.0;8.89;0.68;0.27;0.14;0.0;0.21
93;Provence-Alpes-Côte d'Azur;83;3;13;116;83116;Saint-Maximin-la-Sainte-Baume;17631;514;18145;1.0;161.0;9.0;5.0;4.0;7.0;2.0;3;189;0.06;8.87;0.5;0.28;0.22;0.39;0.11
93;Provence-Alpes-Côte d'Azur;83;2;10;123;83123;Sanary-sur-Mer;17268;258;17526;1.0;281.0;13.0;13.0;5.0;6.0;0.0;1;319;0.06;16.03;0.74;0.74;0.29;0.34;0.0
93;Provence-Alpes-Côte d'Azur;83;2;18;130;83130;Solliès-Pont;12080;148;12228;0.0;96.0;8.0;5.0;1.0;3.0;3.0;2;116;0.0;7.85;0.65;0.41;0.08;0.25;0.25
93;Provence-Alpes-Côte d'Azur;83;1;23;148;83148;Vidauban;12573;147;12720;0.0;52.0;6.0;2.0;1.0;0.0;0.0;3;61;0.0;4.09;0.47;0.16;0.08;0.0;0.0
93;Provence-Alpes-Côte d'Azur;84;1;1;3;84003;Apt;10536;238;10774;10.0;104.0;11.0;6.0;3.0;3.0;1.0;2;138;0.93;9.65;1.02;0.56;0.28;0.28;0.09
93;Provence-Alpes-Côte d'Azur;84;3;5;19;84019;Bollène;13605;196;13801;4.0;71.0;10.0;4.0;1.0;3.0;1.0;3;94;0.29;5.14;0.72;0.29;0.07;0.22;0.07
93;Provence-Alpes-Côte d'Azur;84;2;9;54;84054;L'Isle-sur-la-Sorgue;19965;502;20467;5.0;195.0;10.0;6.0;3.0;14.0;2.0;2;235;0.24;9.53;0.49;0.29;0.15;0.68;0.1
93;Provence-Alpes-Côte d'Azur;84;3;10;80;84080;Monteux;13129;248;13377;0.0;74.0;6.0;2.0;2.0;2.0;0.0;2;86;0.0;5.53;0.45;0.15;0.15;0.15;0.0
93;Provence-Alpes-Côte d'Azur;84;3;12;88;84088;Pernes-les-Fontaines;10636;255;10891;1.0;95.0;7.0;2.0;1.0;0.0;0.0;3;106;0.09;8.72;0.64;0.18;0.09;0.0;0.0
93;Provence-Alpes-Côte d'Azur;84;2;14;92;84092;Le Pontet;17551;136;17687;2.0;164.0;12.0;3.0;3.0;2.0;3.0;1;189;0.11;9.27;0.68;0.17;0.17;0.11;0.17
93;Provence-Alpes-Côte d'Azur;84;2;15;129;84129;Sorgues;19117;229;19346;7.0;128.0;16.0;5.0;2.0;4.0;0.0;2;162;0.36;6.62;0.83;0.26;0.1;0.21;0.0
93;Provence-Alpes-Côte d'Azur;84;2;14;141;84141;Vedène;11457;353;11810;1.0;49.0;6.0;2.0;2.0;1.0;0.0;2;61;0.08;4.15;0.51;0.17;0.17;0.08;0.0
52;Pays de la Loire;85;2;1;3;85003;Aizenay;10146;204;10350;2.0;57.0;6.0;2.0;1.0;8.0;0.0;3;76;0.19;5.51;0.58;0.19;0.1;0.77;0.0
52;Pays de la Loire;85;1;5;92;85092;Fontenay-le-Comte;13471;652;14123;9.0;106.0;12.0;9.0;1.0;13.0;6.0;3;156;0.64;7.51;0.85;0.64;0.07;0.92;0.42
52;Pays de la Loire;85;2;6;109;85109;Les Herbiers;16453;542;16995;6.0;108.0;10.0;10.0;1.0;17.0;4.0;3;156;0.35;6.35;0.59;0.59;0.06;1.0;0.24
52;Pays de la Loire;85;3;15;226;85226;Saint-Hilaire-de-Riez;12682;255;12937;1.0;53.0;4.0;2.0;1.0;1.0;0.0;3;62;0.08;4.1;0.31;0.15;0.08;0.08;0.0
75;Nouvelle-Aquitaine;86;3;14;41;86041;Buxerolles;10105;130;10235;0.0;53.0;4.0;3.0;1.0;2.0;1.0;1;64;0.0;5.18;0.39;0.29;0.1;0.2;0.1
75;Nouvelle-Aquitaine;87;2;17;114;87114;Panazol;11064;200;11264;0.0;50.0;3.0;3.0;2.0;7.0;1.0;1;66;0.0;4.44;0.27;0.27;0.18;0.62;0.09
75;Nouvelle-Aquitaine;87;3;19;154;87154;Saint-Junien;11387;304;11691;9.0;126.0;7.0;3.0;2.0;7.0;2.0;3;156;0.77;10.78;0.6;0.26;0.17;0.6;0.17
44;Grand Est;88;3;99;413;88413;Saint-Dié-des-Vosges;19319;454;19773;11.0;146.0;18.0;9.0;5.0;14.0;8.0;2;211;0.56;7.38;0.91;0.46;0.25;0.71;0.4
11;Île-de-France;91;3;1;21;91021;Arpajon;11281;101;11382;7.0;88.0;6.0;5.0;3.0;7.0;1.0;1;117;0.62;7.73;0.53;0.44;0.26;0.62;0.09
11;Île-de-France;91;2;15;86;91086;Bondoufle;10862;107;10969;0.0;28.0;3.0;1.0;2.0;1.0;0.0;1;35;0.0;2.55;0.27;0.09;0.18;0.09;0.0
11;Île-de-France;91;3;12;161;91161;Chilly-Mazarin;19938;115;20053;0.0;95.0;11.0;2.0;5.0;5.0;3.0;1;121;0.0;4.74;0.55;0.1;0.25;0.25;0.15
11;Île-de-France;91;1;5;200;91200;Dourdan;11279;192;11471;7.0;86.0;5.0;8.0;2.0;9.0;3.0;2;120;0.61;7.5;0.44;0.7;0.17;0.78;0.26
11;Île-de-France;91;2;7;215;91215;Épinay-sous-Sénart;11869;80;11949;1.0;53.0;6.0;2.0;2.0;3.0;0.0;1;67;0.08;4.44;0.5;0.17;0.17;0.25;0.0
11;Île-de-France;91;3;11;216;91216;Épinay-sur-Orge;10760;110;10870;1.0;42.0;6.0;7.0;3.0;8.0;6.0;1;73;0.09;3.86;0.55;0.64;0.28;0.74;0.55
11;Île-de-France;91;2;15;235;91235;Fleury-Mérogis;13983;14;13997;4.0;17.0;2.0;1.0;5.0;1.0;1.0;1;31;0.29;1.21;0.14;0.07;0.36;0.07;0.07
11;Île-de-France;91;3;14;312;91312;Igny;10213;305;10518;0.0;34.0;4.0;2.0;1.0;1.0;0.0;1;42;0.0;3.23;0.38;0.19;0.1;0.1;0.0
11;Île-de-France;91;3;2;326;91326;Juvisy-sur-Orge;18424;109;18533;11.0;94.0;9.0;2.0;6.0;5.0;10.0;1;137;0.59;5.07;0.49;0.11;0.32;0.27;0.54
11;Île-de-France;91;2;13;386;91386;Mennecy;15711;251;15962;1.0;57.0;5.0;2.0;2.0;3.0;1.0;1;71;0.06;3.57;0.31;0.13;0.13;0.19;0.06
11;Île-de-France;91;3;17;432;91432;Morangis;13211;78;13289;1.0;33.0;5.0;4.0;4.0;4.0;1.0;1;52;0.08;2.48;0.38;0.3;0.3;0.3;0.08
11;Île-de-France;91;3;14;471;91471;Orsay;16007;345;16352;7.0;113.0;9.0;5.0;5.0;5.0;2.0;1;146;0.43;6.91;0.55;0.31;0.31;0.31;0.12
11;Île-de-France;91;3;1;552;91552;Saint-Germain-lès-Arpajon;11305;84;11389;0.0;18.0;1.0;1.0;1.0;2.0;0.0;1;23;0.0;1.58;0.09;0.09;0.09;0.18;0.0
11;Île-de-France;91;2;7;573;91573;Saint-Pierre-du-Perray;11680;112;11792;0.0;43.0;4.0;1.0;2.0;2.0;1.0;1;53;0.0;3.65;0.34;0.08;0.17;0.17;0.08
11;Île-de-France;91;3;10;645;91645;Verrières-le-Buisson;14597;289;14886;0.0;90.0;7.0;6.0;5.0;4.0;2.0;1;114;0.0;6.05;0.47;0.4;0.34;0.27;0.13
11;Île-de-France;91;3;18;661;91661;Villebon-sur-Yvette;10322;172;10494;0.0;39.0;3.0;2.0;6.0;2.0;0.0;1;52;0.0;3.72;0.29;0.19;0.57;0.19;0.0
11;Île-de-France;92;3;17;22;92022;Chaville;19991;293;20284;3.0;111.0;8.0;3.0;8.0;6.0;2.0;1;141;0.15;5.47;0.39;0.15;0.39;0.3;0.1
11;Île-de-France;92;2;23;33;92033;Garches;17898;413;18311;6.0;101.0;8.0;7.0;9.0;6.0;3.0;1;140;0.33;5.52;0.44;0.38;0.49;0.33;0.16
11;Île-de-France;92;3;23;77;92077;Ville-d'Avray;10694;260;10954;2.0;54.0;4.0;3.0;4.0;2.0;2.0;1;71;0.18;4.93;0.37;0.27;0.37;0.18;0.18
11;Île-de-France;93;2;7;13;93013;Le Bourget;14832;38;14870;6.0;43.0;6.0;3.0;3.0;2.0;1.0;1;64;0.4;2.89;0.4;0.2;0.2;0.13;0.07
11;Île-de-France;93;2;7;30;93030;Dugny;11328;40;11368;4.0;12.0;5.0;1.0;2.0;2.0;0.0;1;26;0.35;1.06;0.44;0.09;0.18;0.18;0.0
11;Île-de-France;93;1;15;61;93061;Le Pré-Saint-Gervais;16865;48;16913;2.0;62.0;9.0;3.0;5.0;0.0;4.0;1;85;0.12;3.67;0.53;0.18;0.3;0.0;0.24
11;Île-de-France;93;2;21;62;93062;Le Raincy;14877;189;15066;3.0;125.0;6.0;1.0;4.0;6.0;5.0;1;150;0.2;8.3;0.4;0.07;0.27;0.4;0.33
11;Île-de-France;93;3;9;79;93079;Villetaneuse;12663;89;12752;2.0;22.0;5.0;1.0;2.0;1.0;0.0;1;33;0.16;1.73;0.39;0.08;0.16;0.08;0.0
11;Île-de-France;94;1;16;4;94004;Boissy-Saint-Léger;17570;37;17607;5.0;53.0;7.0;6.0;4.0;12.0;2.0;1;89;0.28;3.01;0.4;0.34;0.23;0.68;0.11
11;Île-de-France;94;1;18;11;94011;Bonneuil-sur-Marne;18750;64;18814;4.0;42.0;14.0;5.0;6.0;6.0;2.0;1;79;0.21;2.23;0.74;0.27;0.32;0.32;0.11
11;Île-de-France;94;2;22;15;94015;Bry-sur-Marne;17400;320;17720;6.0;157.0;9.0;7.0;9.0;4.0;4.0;1;196;0.34;8.86;0.51;0.4;0.51;0.23;0.23
11;Île-de-France;94;1;4;19;94019;Chennevières-sur-Marne;18367;101;18468;0.0;40.0;9.0;5.0;5.0;10.0;1.0;1;70;0.0;2.17;0.49;0.27;0.27;0.54;0.05
11;Île-de-France;94;3;12;37;94037;Gentilly;19048;112;19160;4.0;56.0;8.0;3.0;5.0;2.0;0.0;1;78;0.21;2.92;0.42;0.16;0.26;0.1;0.0
11;Île-de-France;94;1;18;55;94055;Ormesson-sur-Marne;10540;85;10625;0.0;50.0;4.0;2.0;3.0;1.0;0.0;1;60;0.0;4.71;0.38;0.19;0.28;0.09;0.0
11;Île-de-France;94;1;16;60;94060;La Queue-en-Brie;12081;115;12196;2.0;22.0;4.0;3.0;2.0;2.0;0.0;1;35;0.16;1.8;0.33;0.25;0.16;0.16;0.0
11;Île-de-France;94;2;5;69;94069;Saint-Maurice;14603;100;14703;7.0;54.0;8.0;3.0;6.0;4.0;0.0;1;82;0.48;3.67;0.54;0.2;0.41;0.27;0.0
11;Île-de-France;94;3;21;74;94074;Valenton;14482;48;14530;1.0;35.0;7.0;2.0;4.0;1.0;2.0;1;52;0.07;2.41;0.48;0.14;0.28;0.07;0.14
11;Île-de-France;94;1;16;75;94075;Villecresnes;11642;76;11718;2.0;58.0;6.0;4.0;1.0;4.0;0.0;1;75;0.17;4.95;0.51;0.34;0.09;0.34;0.0
11;Île-de-France;95;2;11;19;95019;Arnouville;14585;73;14658;3.0;67.0;4.0;4.0;2.0;3.0;4.0;1;87;0.2;4.57;0.27;0.27;0.14;0.2;0.27
11;Île-de-France;95;2;7;199;95199;Domont;16078;166;16244;6.0;110.0;7.0;6.0;2.0;1.0;4.0;1;136;0.37;6.77;0.43;0.37;0.12;0.06;0.25
11;Île-de-France;95;2;15;210;95210;Enghien-les-Bains;11440;144;11584;4.0;199.0;8.0;4.0;5.0;0.0;1.0;1;221;0.35;17.18;0.69;0.35;0.43;0.0;0.09
11;Île-de-France;95;3;5;218;95218;Éragny;18468;129;18597;1.0;70.0;7.0;2.0;3.0;0.0;3.0;1;86;0.05;3.76;0.38;0.11;0.16;0.0;0.16
11;Île-de-France;95;3;14;313;95313;L'Isle-Adam;11846;183;12029;5.0;158.0;7.0;2.0;3.0;4.0;1.0;2;180;0.42;13.13;0.58;0.17;0.25;0.33;0.08
11;Île-de-France;95;3;5;323;95323;Jouy-le-Moutier;17175;126;17301;0.0;58.0;5.0;0.0;2.0;12.0;3.0;1;80;0.0;3.35;0.29;0.0;0.12;0.69;0.17
11;Île-de-France;95;2;12;351;95351;Louvres;12083;80;12163;1.0;44.0;4.0;3.0;2.0;1.0;0.0;2;55;0.08;3.62;0.33;0.25;0.16;0.08;0.0
11;Île-de-France;95;3;17;394;95394;Méry-sur-Oise;10046;71;10117;0.0;29.0;3.0;2.0;3.0;0.0;0.0;1;37;0.0;2.87;0.3;0.2;0.3;0.0;0.0
11;Île-de-France;95;2;6;427;95427;Montmagny;14775;56;14831;0.0;33.0;5.0;5.0;4.0;1.0;1.0;1;49;0.0;2.23;0.34;0.34;0.27;0.07;0.07
11;Île-de-France;95;3;4;476;95476;Osny;17277;191;17468;5.0;144.0;7.0;3.0;5.0;2.0;6.0;1;172;0.29;8.24;0.4;0.17;0.29;0.11;0.34
11;Île-de-France;95;3;14;487;95487;Persan;13996;52;14048;1.0;32.0;4.0;0.0;3.0;4.0;7.0;2;51;0.07;2.28;0.28;0.0;0.21;0.28;0.5
11;Île-de-France;95;2;6;539;95539;Saint-Brice-sous-Forêt;15209;77;15286;0.0;57.0;5.0;3.0;4.0;1.0;2.0;1;72;0.0;3.73;0.33;0.2;0.26;0.07;0.13
11;Île-de-France;95;1;7;563;95563;Saint-Leu-la-Forêt;15979;152;16131;0.0;99.0;8.0;2.0;2.0;2.0;3.0;1;116;0.0;6.14;0.5;0.12;0.12;0.12;0.19
11;Île-de-France;95;2;15;598;95598;Soisy-sous-Montmorency;18008;160;18168;0.0;88.0;9.0;7.0;3.0;5.0;0.0;1;112;0.0;4.84;0.5;0.39;0.17;0.28;0.0
11;Île-de-France;95;3;20;637;95637;Vauréal;16034;177;16211;0.0;64.0;4.0;2.0;3.0;6.0;0.0;1;79;0.0;3.95;0.25;0.12;0.19;0.37;0.0
1;Guadeloupe;971;1;7;107;97107;Capesterre-Belle-Eau;17731;157;17888;3.0;118.0;10.0;5.0;1.0;8.0;0.0;3;145;0.17;6.6;0.56;0.28;0.06;0.45;0.0
1;Guadeloupe;971;1;9;115;97115;Lamentin;18527;277;18804;1.0;80.0;5.0;5.0;2.0;3.0;1.0;4;97;0.05;4.25;0.27;0.27;0.11;0.16;0.05
1;Guadeloupe;971;2;12;116;97116;Morne-à-l'Eau;15898;191;16089;0.0;91.0;9.0;7.0;1.0;5.0;0.0;4;113;0.0;5.66;0.56;0.44;0.06;0.31;0.0
1;Guadeloupe;971;2;15;120;97120;Pointe-à-Pitre;14486;90;14576;2.0;333.0;22.0;10.0;4.0;12.0;2.0;2;385;0.14;22.85;1.51;0.69;0.27;0.82;0.14
1;Guadeloupe;971;1;6;124;97124;Saint-Claude;10700;200;10900;3.0;40.0;5.0;2.0;1.0;4.0;0.0;4;55;0.28;3.67;0.46;0.18;0.09;0.37;0.0
1;Guadeloupe;971;2;16;125;97125;Saint-François;13004;146;13150;1.0;160.0;8.0;1.0;2.0;1.0;0.0;3;173;0.08;12.17;0.61;0.08;0.15;0.08;0.0
1;Guadeloupe;971;1;99;129;97129;Sainte-Rose;17630;248;17878;0.0;122.0;9.0;3.0;4.0;2.0;0.0;3;140;0.0;6.82;0.5;0.17;0.22;0.11;0.0
2;Martinique;972;3;  ;207;97207;Ducos;17912;254;18166;2.0;104.0;8.0;2.0;1.0;5.0;1.0;2;123;0.11;5.72;0.44;0.11;0.06;0.28;0.06
2;Martinique;972;3;  ;210;97210;Le François;15996;150;16146;5.0;139.0;9.0;5.0;4.0;3.0;1.0;3;166;0.31;8.61;0.56;0.31;0.25;0.19;0.06
2;Martinique;972;3;  ;220;97220;Rivière-Pilote;11712;118;11830;1.0;96.0;5.0;2.0;1.0;6.0;1.0;4;112;0.08;8.11;0.42;0.17;0.08;0.51;0.08
2;Martinique;972;3;  ;221;97221;Rivière-Salée;11887;221;12108;5.0;114.0;5.0;2.0;0.0;2.0;0.0;4;128;0.41;9.42;0.41;0.17;0.0;0.17;0.0
2;Martinique;972;3;  ;223;97223;Saint-Esprit;10270;102;10372;2.0;73.0;4.0;3.0;1.0;2.0;1.0;4;86;0.19;7.04;0.39;0.29;0.1;0.19;0.1
2;Martinique;972;1;  ;224;97224;Saint-Joseph;16135;208;16343;1.0;94.0;7.0;3.0;4.0;3.0;1.0;4;113;0.06;5.75;0.43;0.18;0.24;0.18;0.06
2;Martinique;972;2;  ;228;97228;Sainte-Marie;14650;184;14834;2.0;146.0;8.0;3.0;1.0;4.0;0.0;4;164;0.13;9.84;0.54;0.2;0.07;0.27;0.0
2;Martinique;972;1;  ;229;97229;Schœlcher;19341;177;19518;3.0;222.0;17.0;3.0;4.0;4.0;0.0;1;253;0.15;11.37;0.87;0.15;0.2;0.2;0.0
2;Martinique;972;2;  ;230;97230;La Trinité;11747;167;11914;9.0;157.0;9.0;5.0;2.0;2.0;0.0;4;184;0.76;13.18;0.76;0.42;0.17;0.17;0.0
3;Guyane;973;1;  ;305;97305;Macouria;18847;173;19020;0.0;109.0;4.0;0.0;2.0;0.0;0.0;5;115;0.0;5.73;0.21;0.0;0.11;0.0;0.0
3;Guyane;973;2;  ;306;97306;Mana;11764;122;11886;0.0;12.0;4.0;0.0;0.0;0.0;0.0;6;16;0.0;1.01;0.34;0.0;0.0;0.0;0.0
4;La Réunion;974;2;1;401;97401;Les Avirons;11434;227;11661;0.0;88.0;5.0;0.0;0.0;0.0;0.0;4;93;0.0;7.55;0.43;0.0;0.0;0.0;0.0
4;La Réunion;974;3;6;402;97402;Bras-Panon;13344;215;13559;3.0;80.0;8.0;3.0;1.0;3.0;1.0;2;99;0.22;5.9;0.59;0.22;0.07;0.22;0.07
4;La Réunion;974;2;1;404;97404;L'Étang-Salé;13836;194;14030;2.0;149.0;6.0;0.0;1.0;0.0;0.0;2;158;0.14;10.62;0.43;0.0;0.07;0.0;0.0
4;La Réunion;974;2;22;405;97405;Petite-Île;12617;155;12772;1.0;101.0;10.0;0.0;2.0;2.0;0.0;4;116;0.08;7.91;0.78;0.0;0.16;0.16;0.0
